trial,state,objective_value(-RMSE),best_value(-RMSE),best_RMSE,best_params
0,COMPLETE,-4881.402037817773,-4881.402037817773,4881.402037817773,"{'bootstrap_type': 'Bernoulli', 'depth': 7, 'learning_rate': 0.11207, 'rsm': 0.883, 'l2_leaf_reg': 17.363, 'random_strength': 0.12481, 'iterations': 524, 'min_data_in_leaf': 1202, 'subsample': 0.85985}"
0,COMPLETE,-4988.428837968782,-4988.428837968782,4988.428837968782,"{'bootstrap_type': 'Bernoulli', 'depth': 7, 'learning_rate': 0.11207, 'rsm': 0.883, 'l2_leaf_reg': 17.363, 'random_strength': 0.12481, 'iterations': 524, 'min_data_in_leaf': 1202, 'subsample': 0.85985}"
1,COMPLETE,-5079.297803495244,-4988.428837968782,4988.428837968782,"{'bootstrap_type': 'Bernoulli', 'depth': 7, 'learning_rate': 0.11207, 'rsm': 0.883, 'l2_leaf_reg': 17.363, 'random_strength': 0.12481, 'iterations': 524, 'min_data_in_leaf': 1202, 'subsample': 0.85985}"
2,COMPLETE,-5219.603861979361,-4988.428837968782,4988.428837968782,"{'bootstrap_type': 'Bernoulli', 'depth': 7, 'learning_rate': 0.11207, 'rsm': 0.883, 'l2_leaf_reg': 17.363, 'random_strength': 0.12481, 'iterations': 524, 'min_data_in_leaf': 1202, 'subsample': 0.85985}"
3,COMPLETE,-5032.826280210708,-4988.428837968782,4988.428837968782,"{'bootstrap_type': 'Bernoulli', 'depth': 7, 'learning_rate': 0.11207, 'rsm': 0.883, 'l2_leaf_reg': 17.363, 'random_strength': 0.12481, 'iterations': 524, 'min_data_in_leaf': 1202, 'subsample': 0.85985}"
4,COMPLETE,-5088.232211809455,-4988.428837968782,4988.428837968782,"{'bootstrap_type': 'Bernoulli', 'depth': 7, 'learning_rate': 0.11207, 'rsm': 0.883, 'l2_leaf_reg': 17.363, 'random_strength': 0.12481, 'iterations': 524, 'min_data_in_leaf': 1202, 'subsample': 0.85985}"
5,PRUNED,-5105.804914001092,-4988.428837968782,4988.428837968782,"{'bootstrap_type': 'Bernoulli', 'depth': 7, 'learning_rate': 0.11207, 'rsm': 0.883, 'l2_leaf_reg': 17.363, 'random_strength': 0.12481, 'iterations': 524, 'min_data_in_leaf': 1202, 'subsample': 0.85985}"
6,COMPLETE,-5095.457009013685,-4988.428837968782,4988.428837968782,"{'bootstrap_type': 'Bernoulli', 'depth': 7, 'learning_rate': 0.11207, 'rsm': 0.883, 'l2_leaf_reg': 17.363, 'random_strength': 0.12481, 'iterations': 524, 'min_data_in_leaf': 1202, 'subsample': 0.85985}"
7,COMPLETE,-5057.829696627358,-4988.428837968782,4988.428837968782,"{'bootstrap_type': 'Bernoulli', 'depth': 7, 'learning_rate': 0.11207, 'rsm': 0.883, 'l2_leaf_reg': 17.363, 'random_strength': 0.12481, 'iterations': 524, 'min_data_in_leaf': 1202, 'subsample': 0.85985}"
8,COMPLETE,-4814.396291926222,-4814.396291926222,4814.396291926222,"{'bootstrap_type': 'Bernoulli', 'depth': 6, 'learning_rate': 0.11344, 'rsm': 0.81977, 'l2_leaf_reg': 38.836, 'random_strength': 0.10168, 'iterations': 859, 'min_data_in_leaf': 1076, 'subsample': 0.85235}"
9,COMPLETE,-4909.096216598631,-4814.396291926222,4814.396291926222,"{'bootstrap_type': 'Bernoulli', 'depth': 6, 'learning_rate': 0.11344, 'rsm': 0.81977, 'l2_leaf_reg': 38.836, 'random_strength': 0.10168, 'iterations': 859, 'min_data_in_leaf': 1076, 'subsample': 0.85235}"
10,PRUNED,-5069.324076527387,-4814.396291926222,4814.396291926222,"{'bootstrap_type': 'Bernoulli', 'depth': 6, 'learning_rate': 0.11344, 'rsm': 0.81977, 'l2_leaf_reg': 38.836, 'random_strength': 0.10168, 'iterations': 859, 'min_data_in_leaf': 1076, 'subsample': 0.85235}"
11,COMPLETE,-4908.598690406333,-4814.396291926222,4814.396291926222,"{'bootstrap_type': 'Bernoulli', 'depth': 6, 'learning_rate': 0.11344, 'rsm': 0.81977, 'l2_leaf_reg': 38.836, 'random_strength': 0.10168, 'iterations': 859, 'min_data_in_leaf': 1076, 'subsample': 0.85235}"
12,COMPLETE,-4828.95068294935,-4814.396291926222,4814.396291926222,"{'bootstrap_type': 'Bernoulli', 'depth': 6, 'learning_rate': 0.11344, 'rsm': 0.81977, 'l2_leaf_reg': 38.836, 'random_strength': 0.10168, 'iterations': 859, 'min_data_in_leaf': 1076, 'subsample': 0.85235}"
13,COMPLETE,-4748.608173093272,-4748.608173093272,4748.608173093272,"{'bootstrap_type': 'Bernoulli', 'depth': 8, 'learning_rate': 0.10343, 'rsm': 0.89393, 'l2_leaf_reg': 26.517, 'random_strength': 0.29087, 'iterations': 932, 'min_data_in_leaf': 2554, 'subsample': 0.8081}"
14,COMPLETE,-4831.2359078631425,-4748.608173093272,4748.608173093272,"{'bootstrap_type': 'Bernoulli', 'depth': 8, 'learning_rate': 0.10343, 'rsm': 0.89393, 'l2_leaf_reg': 26.517, 'random_strength': 0.29087, 'iterations': 932, 'min_data_in_leaf': 2554, 'subsample': 0.8081}"
15,COMPLETE,-4793.710583526988,-4748.608173093272,4748.608173093272,"{'bootstrap_type': 'Bernoulli', 'depth': 8, 'learning_rate': 0.10343, 'rsm': 0.89393, 'l2_leaf_reg': 26.517, 'random_strength': 0.29087, 'iterations': 932, 'min_data_in_leaf': 2554, 'subsample': 0.8081}"
16,PRUNED,-5641.08884985114,-4748.608173093272,4748.608173093272,"{'bootstrap_type': 'Bernoulli', 'depth': 8, 'learning_rate': 0.10343, 'rsm': 0.89393, 'l2_leaf_reg': 26.517, 'random_strength': 0.29087, 'iterations': 932, 'min_data_in_leaf': 2554, 'subsample': 0.8081}"
17,PRUNED,-5722.501840077034,-4748.608173093272,4748.608173093272,"{'bootstrap_type': 'Bernoulli', 'depth': 8, 'learning_rate': 0.10343, 'rsm': 0.89393, 'l2_leaf_reg': 26.517, 'random_strength': 0.29087, 'iterations': 932, 'min_data_in_leaf': 2554, 'subsample': 0.8081}"
18,COMPLETE,-4787.588062196075,-4748.608173093272,4748.608173093272,"{'bootstrap_type': 'Bernoulli', 'depth': 8, 'learning_rate': 0.10343, 'rsm': 0.89393, 'l2_leaf_reg': 26.517, 'random_strength': 0.29087, 'iterations': 932, 'min_data_in_leaf': 2554, 'subsample': 0.8081}"
0,COMPLETE,-4955.356444600214,-4955.356444600214,4955.356444600214,"{'bootstrap_type': 'Bernoulli', 'depth': 7, 'learning_rate': 0.11207, 'rsm': 0.883, 'l2_leaf_reg': 17.363, 'random_strength': 0.12481, 'iterations': 524, 'min_data_in_leaf': 1202, 'subsample': 0.85985}"
1,COMPLETE,-5042.7503235191025,-4955.356444600214,4955.356444600214,"{'bootstrap_type': 'Bernoulli', 'depth': 7, 'learning_rate': 0.11207, 'rsm': 0.883, 'l2_leaf_reg': 17.363, 'random_strength': 0.12481, 'iterations': 524, 'min_data_in_leaf': 1202, 'subsample': 0.85985}"
2,COMPLETE,-5154.591991117485,-4955.356444600214,4955.356444600214,"{'bootstrap_type': 'Bernoulli', 'depth': 7, 'learning_rate': 0.11207, 'rsm': 0.883, 'l2_leaf_reg': 17.363, 'random_strength': 0.12481, 'iterations': 524, 'min_data_in_leaf': 1202, 'subsample': 0.85985}"
3,COMPLETE,-5147.0300630275715,-4955.356444600214,4955.356444600214,"{'bootstrap_type': 'Bernoulli', 'depth': 7, 'learning_rate': 0.11207, 'rsm': 0.883, 'l2_leaf_reg': 17.363, 'random_strength': 0.12481, 'iterations': 524, 'min_data_in_leaf': 1202, 'subsample': 0.85985}"
4,COMPLETE,-5142.200495365739,-4955.356444600214,4955.356444600214,"{'bootstrap_type': 'Bernoulli', 'depth': 7, 'learning_rate': 0.11207, 'rsm': 0.883, 'l2_leaf_reg': 17.363, 'random_strength': 0.12481, 'iterations': 524, 'min_data_in_leaf': 1202, 'subsample': 0.85985}"
5,COMPLETE,-5068.096086071462,-4955.356444600214,4955.356444600214,"{'bootstrap_type': 'Bernoulli', 'depth': 7, 'learning_rate': 0.11207, 'rsm': 0.883, 'l2_leaf_reg': 17.363, 'random_strength': 0.12481, 'iterations': 524, 'min_data_in_leaf': 1202, 'subsample': 0.85985}"
6,PRUNED,-5177.275891999468,-4955.356444600214,4955.356444600214,"{'bootstrap_type': 'Bernoulli', 'depth': 7, 'learning_rate': 0.11207, 'rsm': 0.883, 'l2_leaf_reg': 17.363, 'random_strength': 0.12481, 'iterations': 524, 'min_data_in_leaf': 1202, 'subsample': 0.85985}"
7,PRUNED,-5944.448924910271,-4955.356444600214,4955.356444600214,"{'bootstrap_type': 'Bernoulli', 'depth': 7, 'learning_rate': 0.11207, 'rsm': 0.883, 'l2_leaf_reg': 17.363, 'random_strength': 0.12481, 'iterations': 524, 'min_data_in_leaf': 1202, 'subsample': 0.85985}"
8,COMPLETE,-5010.793435553362,-4955.356444600214,4955.356444600214,"{'bootstrap_type': 'Bernoulli', 'depth': 7, 'learning_rate': 0.11207, 'rsm': 0.883, 'l2_leaf_reg': 17.363, 'random_strength': 0.12481, 'iterations': 524, 'min_data_in_leaf': 1202, 'subsample': 0.85985}"
9,COMPLETE,-4864.822882772075,-4864.822882772075,4864.822882772075,"{'bootstrap_type': 'Bernoulli', 'depth': 8, 'learning_rate': 0.094057, 'rsm': 0.89041, 'l2_leaf_reg': 7.739, 'random_strength': 0.18027, 'iterations': 974, 'min_data_in_leaf': 1526, 'subsample': 0.73044}"
10,COMPLETE,-4760.636857875045,-4760.636857875045,4760.636857875045,"{'bootstrap_type': 'Bernoulli', 'depth': 8, 'learning_rate': 0.087435, 'rsm': 0.82511, 'l2_leaf_reg': 10.005, 'random_strength': 0.016078, 'iterations': 1113, 'min_data_in_leaf': 2665, 'subsample': 0.64875}"
11,COMPLETE,-4857.594690611211,-4760.636857875045,4760.636857875045,"{'bootstrap_type': 'Bernoulli', 'depth': 8, 'learning_rate': 0.087435, 'rsm': 0.82511, 'l2_leaf_reg': 10.005, 'random_strength': 0.016078, 'iterations': 1113, 'min_data_in_leaf': 2665, 'subsample': 0.64875}"
12,COMPLETE,-4840.515893202754,-4760.636857875045,4760.636857875045,"{'bootstrap_type': 'Bernoulli', 'depth': 8, 'learning_rate': 0.087435, 'rsm': 0.82511, 'l2_leaf_reg': 10.005, 'random_strength': 0.016078, 'iterations': 1113, 'min_data_in_leaf': 2665, 'subsample': 0.64875}"
13,PRUNED,-5786.072589238415,-4760.636857875045,4760.636857875045,"{'bootstrap_type': 'Bernoulli', 'depth': 8, 'learning_rate': 0.087435, 'rsm': 0.82511, 'l2_leaf_reg': 10.005, 'random_strength': 0.016078, 'iterations': 1113, 'min_data_in_leaf': 2665, 'subsample': 0.64875}"
14,COMPLETE,-4922.306554151103,-4760.636857875045,4760.636857875045,"{'bootstrap_type': 'Bernoulli', 'depth': 8, 'learning_rate': 0.087435, 'rsm': 0.82511, 'l2_leaf_reg': 10.005, 'random_strength': 0.016078, 'iterations': 1113, 'min_data_in_leaf': 2665, 'subsample': 0.64875}"
15,COMPLETE,-4838.978517831641,-4760.636857875045,4760.636857875045,"{'bootstrap_type': 'Bernoulli', 'depth': 8, 'learning_rate': 0.087435, 'rsm': 0.82511, 'l2_leaf_reg': 10.005, 'random_strength': 0.016078, 'iterations': 1113, 'min_data_in_leaf': 2665, 'subsample': 0.64875}"
16,COMPLETE,-4798.374948594709,-4760.636857875045,4760.636857875045,"{'bootstrap_type': 'Bernoulli', 'depth': 8, 'learning_rate': 0.087435, 'rsm': 0.82511, 'l2_leaf_reg': 10.005, 'random_strength': 0.016078, 'iterations': 1113, 'min_data_in_leaf': 2665, 'subsample': 0.64875}"
17,PRUNED,-5878.603633593459,-4760.636857875045,4760.636857875045,"{'bootstrap_type': 'Bernoulli', 'depth': 8, 'learning_rate': 0.087435, 'rsm': 0.82511, 'l2_leaf_reg': 10.005, 'random_strength': 0.016078, 'iterations': 1113, 'min_data_in_leaf': 2665, 'subsample': 0.64875}"
18,COMPLETE,-4787.002414022438,-4760.636857875045,4760.636857875045,"{'bootstrap_type': 'Bernoulli', 'depth': 8, 'learning_rate': 0.087435, 'rsm': 0.82511, 'l2_leaf_reg': 10.005, 'random_strength': 0.016078, 'iterations': 1113, 'min_data_in_leaf': 2665, 'subsample': 0.64875}"
19,COMPLETE,-4850.633440709629,-4760.636857875045,4760.636857875045,"{'bootstrap_type': 'Bernoulli', 'depth': 8, 'learning_rate': 0.087435, 'rsm': 0.82511, 'l2_leaf_reg': 10.005, 'random_strength': 0.016078, 'iterations': 1113, 'min_data_in_leaf': 2665, 'subsample': 0.64875}"
20,PRUNED,-5878.999245862395,-4760.636857875045,4760.636857875045,"{'bootstrap_type': 'Bernoulli', 'depth': 8, 'learning_rate': 0.087435, 'rsm': 0.82511, 'l2_leaf_reg': 10.005, 'random_strength': 0.016078, 'iterations': 1113, 'min_data_in_leaf': 2665, 'subsample': 0.64875}"
21,COMPLETE,-4865.188199382006,-4760.636857875045,4760.636857875045,"{'bootstrap_type': 'Bernoulli', 'depth': 8, 'learning_rate': 0.087435, 'rsm': 0.82511, 'l2_leaf_reg': 10.005, 'random_strength': 0.016078, 'iterations': 1113, 'min_data_in_leaf': 2665, 'subsample': 0.64875}"
22,COMPLETE,-4705.387906804451,-4705.387906804451,4705.387906804451,"{'bootstrap_type': 'Bernoulli', 'depth': 9, 'learning_rate': 0.096239, 'rsm': 0.7483, 'l2_leaf_reg': 6.9049, 'random_strength': 0.40578, 'iterations': 1008, 'min_data_in_leaf': 3452, 'subsample': 0.67838}"
23,COMPLETE,-4702.172908221767,-4702.172908221767,4702.172908221767,"{'bootstrap_type': 'Bernoulli', 'depth': 9, 'learning_rate': 0.10858, 'rsm': 0.88724, 'l2_leaf_reg': 8.7073, 'random_strength': 0.71902, 'iterations': 1197, 'min_data_in_leaf': 3497, 'subsample': 0.64443}"
24,PRUNED,-5972.096761459614,-4702.172908221767,4702.172908221767,"{'bootstrap_type': 'Bernoulli', 'depth': 9, 'learning_rate': 0.10858, 'rsm': 0.88724, 'l2_leaf_reg': 8.7073, 'random_strength': 0.71902, 'iterations': 1197, 'min_data_in_leaf': 3497, 'subsample': 0.64443}"
25,PRUNED,-6083.591930786037,-4702.172908221767,4702.172908221767,"{'bootstrap_type': 'Bernoulli', 'depth': 9, 'learning_rate': 0.10858, 'rsm': 0.88724, 'l2_leaf_reg': 8.7073, 'random_strength': 0.71902, 'iterations': 1197, 'min_data_in_leaf': 3497, 'subsample': 0.64443}"
26,PRUNED,-5720.744436361999,-4702.172908221767,4702.172908221767,"{'bootstrap_type': 'Bernoulli', 'depth': 9, 'learning_rate': 0.10858, 'rsm': 0.88724, 'l2_leaf_reg': 8.7073, 'random_strength': 0.71902, 'iterations': 1197, 'min_data_in_leaf': 3497, 'subsample': 0.64443}"
27,COMPLETE,-4866.238578516367,-4702.172908221767,4702.172908221767,"{'bootstrap_type': 'Bernoulli', 'depth': 9, 'learning_rate': 0.10858, 'rsm': 0.88724, 'l2_leaf_reg': 8.7073, 'random_strength': 0.71902, 'iterations': 1197, 'min_data_in_leaf': 3497, 'subsample': 0.64443}"
28,PRUNED,-5887.023166520472,-4702.172908221767,4702.172908221767,"{'bootstrap_type': 'Bernoulli', 'depth': 9, 'learning_rate': 0.10858, 'rsm': 0.88724, 'l2_leaf_reg': 8.7073, 'random_strength': 0.71902, 'iterations': 1197, 'min_data_in_leaf': 3497, 'subsample': 0.64443}"
29,PRUNED,-5793.410245987798,-4702.172908221767,4702.172908221767,"{'bootstrap_type': 'Bernoulli', 'depth': 9, 'learning_rate': 0.10858, 'rsm': 0.88724, 'l2_leaf_reg': 8.7073, 'random_strength': 0.71902, 'iterations': 1197, 'min_data_in_leaf': 3497, 'subsample': 0.64443}"
30,PRUNED,-5771.796264212072,-4702.172908221767,4702.172908221767,"{'bootstrap_type': 'Bernoulli', 'depth': 9, 'learning_rate': 0.10858, 'rsm': 0.88724, 'l2_leaf_reg': 8.7073, 'random_strength': 0.71902, 'iterations': 1197, 'min_data_in_leaf': 3497, 'subsample': 0.64443}"
31,COMPLETE,-4716.47365789651,-4702.172908221767,4702.172908221767,"{'bootstrap_type': 'Bernoulli', 'depth': 9, 'learning_rate': 0.10858, 'rsm': 0.88724, 'l2_leaf_reg': 8.7073, 'random_strength': 0.71902, 'iterations': 1197, 'min_data_in_leaf': 3497, 'subsample': 0.64443}"
32,PRUNED,-5790.540652845633,-4702.172908221767,4702.172908221767,"{'bootstrap_type': 'Bernoulli', 'depth': 9, 'learning_rate': 0.10858, 'rsm': 0.88724, 'l2_leaf_reg': 8.7073, 'random_strength': 0.71902, 'iterations': 1197, 'min_data_in_leaf': 3497, 'subsample': 0.64443}"
33,PRUNED,-5853.395335210279,-4702.172908221767,4702.172908221767,"{'bootstrap_type': 'Bernoulli', 'depth': 9, 'learning_rate': 0.10858, 'rsm': 0.88724, 'l2_leaf_reg': 8.7073, 'random_strength': 0.71902, 'iterations': 1197, 'min_data_in_leaf': 3497, 'subsample': 0.64443}"
34,PRUNED,-5720.4518114915745,-4702.172908221767,4702.172908221767,"{'bootstrap_type': 'Bernoulli', 'depth': 9, 'learning_rate': 0.10858, 'rsm': 0.88724, 'l2_leaf_reg': 8.7073, 'random_strength': 0.71902, 'iterations': 1197, 'min_data_in_leaf': 3497, 'subsample': 0.64443}"
35,COMPLETE,-4767.9166375346485,-4702.172908221767,4702.172908221767,"{'bootstrap_type': 'Bernoulli', 'depth': 9, 'learning_rate': 0.10858, 'rsm': 0.88724, 'l2_leaf_reg': 8.7073, 'random_strength': 0.71902, 'iterations': 1197, 'min_data_in_leaf': 3497, 'subsample': 0.64443}"
36,PRUNED,-5637.415480642098,-4702.172908221767,4702.172908221767,"{'bootstrap_type': 'Bernoulli', 'depth': 9, 'learning_rate': 0.10858, 'rsm': 0.88724, 'l2_leaf_reg': 8.7073, 'random_strength': 0.71902, 'iterations': 1197, 'min_data_in_leaf': 3497, 'subsample': 0.64443}"
37,COMPLETE,-4638.123632503369,-4638.123632503369,4638.123632503369,"{'bootstrap_type': 'Bernoulli', 'depth': 9, 'learning_rate': 0.10633, 'rsm': 0.75882, 'l2_leaf_reg': 6.6199, 'random_strength': 0.43682, 'iterations': 970, 'min_data_in_leaf': 3557, 'subsample': 0.66729}"
38,PRUNED,-5852.265294064597,-4638.123632503369,4638.123632503369,"{'bootstrap_type': 'Bernoulli', 'depth': 9, 'learning_rate': 0.10633, 'rsm': 0.75882, 'l2_leaf_reg': 6.6199, 'random_strength': 0.43682, 'iterations': 970, 'min_data_in_leaf': 3557, 'subsample': 0.66729}"
39,COMPLETE,-4623.853167337182,-4623.853167337182,4623.853167337182,"{'bootstrap_type': 'Bernoulli', 'depth': 9, 'learning_rate': 0.09879, 'rsm': 0.80379, 'l2_leaf_reg': 5.9923, 'random_strength': 0.33508, 'iterations': 983, 'min_data_in_leaf': 3789, 'subsample': 0.68053}"
40,PRUNED,-4971.852306442569,-4623.853167337182,4623.853167337182,"{'bootstrap_type': 'Bernoulli', 'depth': 9, 'learning_rate': 0.09879, 'rsm': 0.80379, 'l2_leaf_reg': 5.9923, 'random_strength': 0.33508, 'iterations': 983, 'min_data_in_leaf': 3789, 'subsample': 0.68053}"
41,PRUNED,-5890.336023338769,-4623.853167337182,4623.853167337182,"{'bootstrap_type': 'Bernoulli', 'depth': 9, 'learning_rate': 0.09879, 'rsm': 0.80379, 'l2_leaf_reg': 5.9923, 'random_strength': 0.33508, 'iterations': 983, 'min_data_in_leaf': 3789, 'subsample': 0.68053}"
42,PRUNED,-5918.430041666031,-4623.853167337182,4623.853167337182,"{'bootstrap_type': 'Bernoulli', 'depth': 9, 'learning_rate': 0.09879, 'rsm': 0.80379, 'l2_leaf_reg': 5.9923, 'random_strength': 0.33508, 'iterations': 983, 'min_data_in_leaf': 3789, 'subsample': 0.68053}"
43,PRUNED,-5837.427650032726,-4623.853167337182,4623.853167337182,"{'bootstrap_type': 'Bernoulli', 'depth': 9, 'learning_rate': 0.09879, 'rsm': 0.80379, 'l2_leaf_reg': 5.9923, 'random_strength': 0.33508, 'iterations': 983, 'min_data_in_leaf': 3789, 'subsample': 0.68053}"
44,PRUNED,-5677.120729818005,-4623.853167337182,4623.853167337182,"{'bootstrap_type': 'Bernoulli', 'depth': 9, 'learning_rate': 0.09879, 'rsm': 0.80379, 'l2_leaf_reg': 5.9923, 'random_strength': 0.33508, 'iterations': 983, 'min_data_in_leaf': 3789, 'subsample': 0.68053}"
45,PRUNED,-5841.782968028409,-4623.853167337182,4623.853167337182,"{'bootstrap_type': 'Bernoulli', 'depth': 9, 'learning_rate': 0.09879, 'rsm': 0.80379, 'l2_leaf_reg': 5.9923, 'random_strength': 0.33508, 'iterations': 983, 'min_data_in_leaf': 3789, 'subsample': 0.68053}"
46,PRUNED,-5910.059028517958,-4623.853167337182,4623.853167337182,"{'bootstrap_type': 'Bernoulli', 'depth': 9, 'learning_rate': 0.09879, 'rsm': 0.80379, 'l2_leaf_reg': 5.9923, 'random_strength': 0.33508, 'iterations': 983, 'min_data_in_leaf': 3789, 'subsample': 0.68053}"
47,PRUNED,-5943.434020599767,-4623.853167337182,4623.853167337182,"{'bootstrap_type': 'Bernoulli', 'depth': 9, 'learning_rate': 0.09879, 'rsm': 0.80379, 'l2_leaf_reg': 5.9923, 'random_strength': 0.33508, 'iterations': 983, 'min_data_in_leaf': 3789, 'subsample': 0.68053}"
48,PRUNED,-5671.031599484153,-4623.853167337182,4623.853167337182,"{'bootstrap_type': 'Bernoulli', 'depth': 9, 'learning_rate': 0.09879, 'rsm': 0.80379, 'l2_leaf_reg': 5.9923, 'random_strength': 0.33508, 'iterations': 983, 'min_data_in_leaf': 3789, 'subsample': 0.68053}"
49,COMPLETE,-4689.7174963759235,-4623.853167337182,4623.853167337182,"{'bootstrap_type': 'Bernoulli', 'depth': 9, 'learning_rate': 0.09879, 'rsm': 0.80379, 'l2_leaf_reg': 5.9923, 'random_strength': 0.33508, 'iterations': 983, 'min_data_in_leaf': 3789, 'subsample': 0.68053}"
