sale_date,gross_sale_price,mileage,make,model,model_year,color,grade,drivable
20220103,37500,32041,ALFAROMEO,Stelvio,2018,Golden White Pearl Tri-Coat,,
20220413,23000,25087,DODGE,JOURNEY,2019,,4.3,
20220316,13500,100793,KIA,SEDONA,2017,,2.8,
20220623,10400,152121,DODGE,CHARGER,2018,,1.8,
20220311,3000,100339,DODGE,JOURNEY,2015,,1.5,
20220111,36000,22707,JEEP,GRAND CHEROKEE,2020,,3.8,
20220308,8500,103456,DODGE,GRAND CARAVAN,2018,,1.6,
20220524,15000,54771,JEEP,RENEGADE,2017,,1.3,
20221021,17250,73235,RAM,1500,2017,,3.7,
20220222,6800,100407,CHRYSLER,200,2014,,2.4,
20220309,22400,19376,JEEP,RENEGADE,2020,,2.9,
20220201,8200,134629,JEEP,CHEROKEE,2014,,2.5,
20221213,8000,94297,JEEP,CHEROKEE,2016,,3.5,
20220511,1100,142212,CHEVROLET,TRAVERSE,2012,,2,
20220616,10800,83910,FORD,FOCUS FWD 4C,2016,,4.3,
20220331,24200,82659,JEEP,GRAND CHEROKEE,2018,,4.3,
20220309,7000,120853,CADILLAC,CTS 4X2 V6,2011,,3.8,
20220413,18600,106583,RAM,PROMAST 1500 V6,2017,,2.3,
20221228,27750,26063,DODGE,CHALLENG AWD V6,2020,,4.6,
20220308,15000,77603,JEEP,RENEGADE FWD 4C,2015,,4.4,
20221123,7600,111412,DODGE,GRAND CARAVAN,2016,,3.2,
20220804,13000,108709,JEEP,CHEROKEE 4X4 V6,2015,,3.6,
20221220,10700,90042,DODGE,JOURNEY FWD 4C,2018,,3.5,
20220804,39100,24459,DODGE,DURANGO AWD V6,2021,,3.7,
20221116,16200,123722,DODGE,DURANGO AWD V6,2015,,2.6,
20220714,18100,65553,JEEP,CHEROKEE FWD V6,2017,,4.1,
20220308,13800,56629,HONDA,FIT,2018,,2.9,
20220119,17200,60195,DODGE,JOURNEY FWD 4C,2018,,3.7,
20220530,15700,93237,GMC,TERRAIN FWD 4C,2017,,4.4,
20220208,3100,113441,BUICK,ENCLAVE AWD,2012,,1,
20220908,27250,42717,CHRYSLER,PACIFICA,2019,,4.2,
20220126,17750,45026,DODGE,JOURNEY FWD 4C,2019,,2.4,
20220414,31750,7168,DODGE,CHARGER 4X2 V6,2021,,4.8,
20220113,11200,96976,HONDA,ACCORD 4C,2013,,2.8,
20221104,35200,35198,RAM,1500,2020,,2.5,
20220215,32700,31012,JEEP,GRAND CHEROKEE,2018,,3.6,
20220509,29800,24341,DODGE,CHALLENGER,2019,,4.8,
20221129,23100,31873,JEEP,CHEROKEE 4X4 4C,2019,,4.8,
20220105,36750,52648,RAM,1500 4X4 V8 CR,2019,,3.3,
20220907,32000,47116,JEEP,WRANG UNLTD,2018,,4.4,
20220111,13000,28253,FIAT,500E,2018,,4.6,
20221026,6000,117833,HYUNDAI,SONATA,2016,,1.8,
20220727,13000,110705,ACURA,ILX,2016,,3.9,
20221214,18600,37125,HYUNDAI,KONA,2020,,4.7,
20221026,15700,21373,NISSAN,VERSA,2021,,3.8,
20220609,5200,90574,HYUNDAI,ACCENT,2017,,1.9,
20220421,14400,97793,CADILLAC,SRX,2016,,3,
20221222,16300,53747,FORD,FUSION,2020,,4.1,
20221103,21200,35883,KIA,SEDONA,2021,,3,
20220707,14000,52566,NISSAN,SENTRA,2021,,3.3,
20221104,18500,27899,DODGE,JOURNEY,2019,,4.2,
20220923,4100,121837,RAM,2500,2016,,1,
20221108,8600,99847,GMC,TERRAIN,2018,,2.1,
20221025,14500,105923,VOLKSWAGEN,TIGUAN,2018,,3.5,
20220222,25200,24282,HONDA,CR-V,2018,,4.3,
20220315,23900,4846,MITSUBISHI,OUTLANDER SPORT,2021,,4.3,
20220531,6200,185418,CHEVROLET,CITY EXPRESS CARGO V,2015,,2.8,
20220607,1000,111360,JEEP,LIBERTY,2012,,2.1,
20220809,7250,83608,VOLKSWAGEN,PASSAT,2012,,2.5,
20220614,18300,61871,MINI,HARDTOP 4 DOOR,2019,,4.3,
20220225,7800,86315,KIA,OPTIMA,2015,,2.8,
20220805,20750,103105,DODGE,CHALLENGER,2016,,2.4,
20221223,2500,103656,LAND ROVER,RANGE ROVER SPORT,2012,,2.1,
20220114,13500,44703,VOLKSWAGEN,JETTA SEDAN,2015,,2.4,
20220525,11000,114067,JEEP,WRANGLER,2011,,1,
20220920,6400,137623,BMW,1 SERIES,2009,,1.9,
20221115,9400,125422,KIA,OPTIMA,2016,,4.6,
20220519,2400,148338,FORD,FOCUS,2017,,1.6,
20220323,14800,52517,FORD,FUSION,2017,,2.5,
20221219,7400,98872,CHEVROLET,MALIBU,2016,,2.9,
20220802,21700,51958,HONDA,ACCORD SEDAN,2020,,3,
20220620,2400,144387,KIA,SOUL,2016,,1.4,
20220307,6300,92274,NISSAN,SENTRA,2017,,1.3,
20220419,23000,57602,CHEVROLET,EQUINOX,2019,,4.5,
20220317,18500,81177,CADILLAC,CTS SEDAN,2018,,3.5,
20220422,12000,52998,CHEVROLET,TRAX,2018,,2,
20221122,4000,148859,NISSAN,ALTIMA,2013,,3.5,
20221027,10600,93581,KIA,FORTE,2020,,3.8,
20220526,3400,132569,FORD,FUSION,2009,,2.5,
20221214,4500,88277,CHEVROLET,CRUZE,2016,,2.5,
20220701,3700,182179,DODGE,JOURNEY,2015,,1.4,
20220414,26900,100466,FORD,T250 CARGO V6,2018,,2.6,
20220120,14600,86569,NISSAN,ALTIMA 4C,2017,,3,
20220929,7500,107667,CHEVROLET,EQUINOX,2014,,3.7,
20220505,11600,132347,INFINITI,QX60,2014,,4,
20220119,36000,28322,NISSAN,TITANSV,2019,,3.5,
20221101,9800,62692,FORD,FUSION FWD 4C,2019,,2.6,
20221011,18800,22279,MITSUBISHI,OUTLAND SPT 4X4,2020,,3.6,
20220810,18200,60046,BMW,650I,2015,,2.6,
20220622,11000,107992,DODGE,JOURNEY FWD V6,2015,,3.8,
20221214,13000,10856,HYUNDAI,ELANTRA,2020,,2.4,
20220126,24000,40435,LANDROVER,DISCOVERY SPORT,2017,,3.8,
20220914,4200,163454,NISSAN,ROGUE FWD 4C,2016,,2.6,
20220504,29600,76485,TOYOTA,SIENNA FWD,2020,,3.6,
20220104,17000,31321,JEEP,RENEGADE 4X4 4C,2017,,2.4,
20220615,11400,77892,CHEVROLET,CAMARO V8,2010,,2.4,
20220112,7300,145874,FORD,EXPLORER FWD V6,2014,,1.3,
20220802,6750,65172,JEEP,CHEROKEE FWD 4C,2015,,3,
20221025,9500,123106,NISSAN,ALTIMA FWD 4C,2019,,2.3,
20221102,22750,92500,VOLKSWAGEN,ATLAS FWD V6,2019,,4.6,
20221229,18600,91270,GMC,SIERA 15 4X4 V8,2017,,2.9,
20220922,17200,86434,CHEVROLET,CAMARO V6,2017,,4.3,
20221013,6600,42403,HONDA,CIVIC,2017,,1.3,
20221006,23000,64362,NISSAN,FRONTIER 4X2 CR,2019,,4.6,
20220412,4900,149882,CHEVROLET,EQUINOX FWD 4C,2013,,2.7,
20220222,17400,60732,HYUNDAI,SANTA SP FWD 4C,2018,,3.8,
20221213,14700,29407,NISSAN,SENTRA,2018,,4.1,
20220602,10300,97459,CHEVROLET,EQUINOX FWD 4C,2016,,2,
20220512,2600,122736,HYUNDAI,ELANTRA,2017,,,
20220526,27800,51043,RAM,1500 4X2 V8 CR,2019,,4.1,
20220720,4200,93735,NISSAN,SENTRA,2019,,1,
20220505,21400,73766,DODGE,GRAND CARAVAN,2019,,4.3,
20221006,9700,94323,KIA,FORTE,2017,,3.1,
20221117,4500,73404,NISSAN,SENTRA,2019,,1,
20220222,7300,86994,CHEVROLET,TRAX AWD,2018,,1.3,
20220412,18300,29535,HYUNDAI,VENUE,2021,,4.3,
20220621,22000,34475,NISSAN,ROGUE FWD 4C,2020,,3.9,
20220601,20700,15154,FORD,ESCAPE FWD 4C,2018,,4.2,
20220928,9200,65186,NISSAN,QUEST,2015,,1.7,
20220214,10700,94414,CHEVROLET,IMPALA 4C,2015,,2.8,
20220221,16200,102037,FORD,F150 4X2 RG,2017,,3.6,
20221003,4000,108724,HYUNDAI,SONATA,2015,,1.9,
20220926,8900,82510,MERCEDES-B,GL450 4MATIC,2014,,2.9,
20220725,16900,66844,NISSAN,SENTRA,2019,,4.2,
20221004,7800,136615,CHEVROLET,CAMARO V6,2014,,2,
20220201,10800,98060,JEEP,CHEROKEE 4X4 V6,2015,,2.3,
20221103,6000,119079,HYUNDAI,ELANTRA,2017,,2.5,
20220531,19200,21689,HYUNDAI,SONATA,2018,,3,
20221117,22750,50938,CHEVROLET,COLORADO 4X2 CR,2019,,3.3,
20221123,19250,58617,BMW,X1 28I SDRIVE,2018,,4.2,
20221130,17000,94428,FORD,EXPEDIT 4X2,2017,,3.5,
20220803,7200,89950,KIA,OPTIMA,2014,,1,
20220216,17750,43497,NISSAN,SENTRA,2019,,4.3,
20221222,24000,57848,FORD,F150 4X2 CR,2017,,3.5,
20221027,15250,46662,NISSAN,ALTIMA FWD 4C,2020,,2.9,
20220908,4400,158999,BMW,X5 35D,2011,,2.8,
20220922,6600,138777,FORD,ESCAPE FWD 4C,2017,,2.4,
20220512,7400,159901,JEEP,GR CHERO 4X2 V8,2014,,3.1,
20220714,11500,74088,NISSAN,ROGUE SPORT FWD,2017,,2,
20220930,13600,143090,DODGE,CHALLENGER,2017,,2.9,
20221202,15000,93373,TOYOTA,RAV4 FWD,2016,,3.9,
20221031,1125,150155,,OUTLOOK,2010,,,
20220801,18500,137446,FORD,F-150,2018,,4.4,
20220825,15000,75173,HYND,Elantra,2019,,3.5,
20220210,21000,22341,HYND,Elantra,2021,,3.7,
20230111,29250,118489,GMC,Sierra 3500HD Chassi,2015,,4.2,
20220427,20000,69845,CHEV,Equinox,2020,,3.3,
20220504,42900,1715,CHEV,Express 2500,2021,,4.4,
20220721,5000,69651,DODG,Dakota,2004,,3.5,
20220502,14200,96784,FORD,Fusion Hybrid,2018,,4.6,
20220221,7650,17139,FORD,Escape,2020,,,
20220217,13800,97252,HYND,Elantra,2019,,4.3,
20220512,18000,77644,CHEV,Malibu,2019,,3.8,
20220630,25250,46977,MTSB,Outlander PHEV,2018,,4.6,
20220923,3700,189207,FORD,F-150,2014,,2.9,
20220207,22000,49921,CHEV,Equinox,2020,,3.9,
20221013,18250,40318,CHEV,Colorado,2020,,2.7,
20220126,22800,38585,CHEV,Malibu,2020,,4.5,
20220729,17700,78035,CHEV,Malibu,2019,,3.6,
20220930,25000,35926,CHEV,Equinox,2020,,4.8,
20220422,15000,56458,CHEV,Colorado,2017,,2.5,
20220113,9000,160761,TOYOTA,TACOMA,2013,,3.5,
20220727,17600,99855,TOYOTA,TACOMA 4X2 EX,2018,,3.4,
20220615,25500,30455,SUBARU,FORESTER,2018,,4.2,
20221011,43200,21548,VOLVO,XC90,2021,,4.6,
20220218,23400,30738,CHEVROLET,EQUINOX,2019,,3.6,
20220824,22000,33860,RAM,1500 4X2 V8 RG,2019,,4.6,
20220823,7200,133796,DODGE,JOURNEY,2017,,3.7,
20220706,18200,85423,TOYOTA,CAMRY 4C,2018,,3.6,
20220610,13700,106838,FORD,FUSION HYBRID,2019,,3.9,
20220927,23700,42643,SUBARU,OUTBACK 4C,2018,,3,
20220505,29200,63375,CHEVROLET,TRAVERSE,2020,,2.9,
20221026,32000,85688,CHEVROLET,SILVERADO 1500,2019,,4.5,
20220921,600,211623,GMC,CANYON 4X2 RG,2007,,2,
20220628,21900,25205,FORD,FUSION FWD 4C,2020,,4.7,
20220602,27750,34354,CHEVROLET,2500 SLV 4X4 CR,2016,,1.7,
20220622,25800,44692,FORD,EDGE AWD SUV,2019,,4.1,
20220803,24400,49609,SUBARU,FORESTER,2020,,3,
20220714,24800,37429,GMC,TERRAIN AWD 4C,2019,,4.8,
20221201,37000,5746,CHEVROLET,2500HD 4X4 CR,2020,,2.6,
20220331,19500,51506,FORD,FUSION FWD 4C,2017,,4.3,
20220209,15600,71749,SUBARU,FORESTER,2018,,2.4,
20220803,23500,49907,SUBARU,FORESTER,2020,,4.2,
20220726,31000,157,GMC,TERRAIN,2022,,5,
20220107,15400,81163,NISSAN,ALTIMA 4C,2018,,2.6,
20221122,15400,87378,FORD,FLEX,2019,,4.1,
20220524,15400,103743,FORD,ESCAPE 4X4 4C,2019,,4.6,
20220127,23100,94773,FORD,Escape,2019,,,
20221209,17000,,FORD,ESCAPE SE,2020,,4.3,
20220118,6075,74872,TOYOTA,PRIUS C,2016,,,
20220831,3625,168340,FORD,ECONOLINE COMMERCIAL,2006,,,
20221004,1200,196089,FORD,F-150,2007,,0,
20220127,19200,28675,CHEVROLET,MALIBU,2018,,3,
20220510,26400,65974,CHEVROLET,TRAVERSE,2020,,4,
20221115,16500,40178,CHEVROLET,COLORADO,2020,,3.3,
20220623,24600,22564,CHEVROLET,EQUINOX,2020,,3.8,
20221021,16500,37782,CHEVROLET,COLORADO,2020,,3,
20220406,21100,40705,CHEVROLET,EQUINOX,2019,,3.5,
20221220,10900,71377,FORD,FUSION,2019,,2.1,
20221230,15300,137063,TOYOTA,CAMRY,2018,,4.4,
20220510,16700,21023,NISSAN,VERSA NOTE,2019,,3.7,
20221117,20400,145666,CHEVROLET,SILVERADO 1500,2019,,3.9,
20220616,14000,163353,CHEVROLET,SILVERADO 1500,2016,,3.7,
20221103,10100,238113,FORD,TRANSIT-150,2016,,2.7,
20221216,12600,77709,FORD,FUSION,2016,,4.2,
20220915,21600,26937,CHEVROLET,EQUINOX,2020,,4.8,
20220223,25000,31392,FORD,FUSION HYBRID,2019,,4.5,
20221013,8100,115104,FORD,EDGE,2016,,2.8,
20220202,9200,137466,HYUNDAI,ELANTRA,2018,,3.7,
20220304,25250,60901,CHEVROLET,TRAVERSE,2019,,3.7,
20220502,18750,183750,FORD,TRANSIT-350,2016,,2.8,
20220209,23000,26110,CHEVROLET,EQUINOX,2020,,2,
20230126,3000,127697,HYUNDAI,SONATA,2011,BLACK,1.9,Y
20230112,14750,65661,TOYOTA,COROLLA,2020,WHITE,3.1,Y
20230118,12000,58635,CHEVROLET,CAMARO V8,2016,BLUE,1,N
20230201,2400,138837,CHEVROLET,CRUZE,2014,RED,2.5,Y
20230222,21000,80569,DODGE,CHARGER 4X2 V8,2018,WHITE,3.9,Y
20230214,30250,61096,CHEVROLET,1500 SLV 4X4 CR,2016,GRAY,4.3,Y
20230127,21100,51958,SUBARU,CROSSTREK,2019,Black,4.2,Y
20230223,1300,243198,HYUNDAI,ELANTRA,2012,Blue,1.4,Y
20230202,14000,59634,HYUNDAI,ELANTRA,2019,Black,4.2,Y
20230316,3000,157408,HONDA,CR-V,2010,Black,0,N
20230322,3300,135403,GMC TRUCK,TERRAIN FWD 4C,2013,GREEN,2.8,Y
20230331,11900,73343,CHEVROLET,MALIBU,2018,White,1.5,Y
20230323,4800,42161,BUICK,ENCORE GX,2020,Gray,0,N
20220224,25500,76959,FORD,F150 4X4 EX,2018,RED,2.8,Y
20220201,15800,64653,CHEVROLET,EQUINOX AWD 4C,2018,MAROON,1.3,Y
20220225,1450,102770,SUBARU,IMPREZA 2.,2011,MROON,,N
20220216,5200,125143,DODGE,RAM 1500 4X2 V8,2010,BLUE,1.3,Y
20220324,2300,35633,NISSAN,ROGUE S,2017,WHITE,,N
20220301,9700,101537,KIA,FORTE,2016,Black,2.4,Y
20220202,6800,45885,NISSAN,ALTIMA 4C,2015,GRAY,0,N
20220224,12400,85395,CHEVROLET,SONIC,2019,Black,2.3,Y
20220217,25200,75232,NISSAN,TITAN,2018,Black,2.8,Y
20220413,4400,115182,NISSAN,MAXIMA,2012,MAROON,1.7,Y
20220224,16400,68165,CHEVROLET,CAMARO,2015,Black,1.3,Y
20220330,600,147272,JEEP,COMANDER 4X2 V8,2006,SILVER,0,N
20220323,4500,157430,HONDA,CIVIC,2010,BROWN,3.1,Y
20220331,6600,48975,NISSAN,ROGUE,2019,White,1.1,N
20220412,14000,48049,FORD,RANGER,2011,Black,3.3,Y
20220412,24600,49677,HONDA,CR-V FWD,2016,BROWN,4.4,Y
20220513,10800,72048,FORD,TAURUS FWD 4C,2013,GOLD,2.4,Y
20220509,30100,21247,NISSAN,TITAN,2021,Gray,3,Y
20220519,11200,98355,MERCEDES-BENZ,GLA-CLASS,2015,Red,1.3,Y
20220603,19400,27162,HONDA,HR-V AWD,2018,GREY,3.7,Y
20220506,1700,121117,MINI,COUNTRYMAN FWD,2012,BLUE,1,N
20220531,25300,53915,RAM,1500,2017,Red,4.4,Y
20220616,10300,120532,TOYOTA,CAMRY,2016,Silver,1.3,Y
20220803,1700,133258,DODGE,GRAND CARAVAN,2013,WHITE,1.6,N
20220706,9200,85339,TOYOTA,CAMRY 4C,2015,WHITE,1.3,Y
20220906,2600,172806,MERCEDES,C250W,2013,BLACK,1.3,N
20220629,19000,61070,JEEP,CHEROKEE 4X4 4C,2018,SILVER,3.1,Y
20220816,25400,51127,NISSAN,PATHFIND 4X4,2020,SILVER,4.1,Y
20220810,23500,17887,HYUNDAI,VENUE,2021,Green,4.3,Y
20220819,9600,112209,BMW,4 SERIES,2014,Black,1.5,Y
20220818,13400,115118,FORD,EDGE,2014,BLACK,3.5,Y
20221005,3250,40730,VOLKSWAGEN,JETTA,2019,White,0,N
20221027,8300,75361,VOLKSWAGEN,GOLF GTI,2015,Black,2,Y
20221019,3600,147581,CHEVROLET,IMPALA 4C,2017,WHITE,1.4,Y
20221019,5700,99636,JEEP,COMPASS 4X4 4C,2016,BLACK,1.3,Y
20220908,21400,74763,CHEVROLET,TAHOE,2017,Blue,1.9,Y
20221011,22300,107458,TOYOTA,TUNDRA 4X2 CR,2017,GRAY,3,Y
20221006,11400,98281,HYUNDAI,GENESIS,2015,Silver,1.3,Y
20221111,12000,92976,VOLKSWAGEN,JETTA,2017,Black,3.9,Y
20221103,3000,151009,NISSAN,ALTIMA,2015,Gray,1.3,Y
20221125,7400,91072,FORD,EXPLORER,2012,White,2,N
20221028,8700,68416,KIA,OPTIMA,2015,BLACK,0,Y
20221110,24800,41698,DODGE,CHARGER,2018,Black,2.8,Y
20221108,8400,97131,HONDA,CIVIC,2013,GRAY,2.5,Y
20221129,14500,33512,FORD,ESCAPE,2017,Gold,3.1,Y
20221123,3400,125282,HYUNDAI,ACCENT,2014,SILVER,2,Y
20221213,16000,66006,JEEP,GR CHERO 4X4 V6,2018,WHITE,2.8,Y
20230103,16600,102492,DODGE,DURANGO AWD V6,2016,GRAY,3.7,Y
20230404,2900,196500,ACURA,TSX FWD 4C,2011,,2,Y
20230406,1800,181045,CHEVROLET,CRUZE,2012,,3.8,Y
20230425,4600,192335,TOYOTA,CAMRY,2012,,1.7,Y
20230425,2200,168363,DODGE,JOURNEY FWD V6,2013,,1.3,Y
20230208,5200,92027,NISSAN,VERSA,2018,,2.3,Y
20230203,6400,40494,KIA,OPTIMA,2012,,0,N
20230217,3400,168940,KIA,SORENTO,2016,,1.3,Y
20230118,2300,73646,NISSAN,SENTRA,2018,,0,N
20230118,10000,38465,MITSUBISHI,OUTLAND SPT FWD,2016,,3.1,Y
20230131,2000,108620,JEEP,COMPASS FWD 4C,2010,,2.7,Y
20230104,6400,111519,KIA,OPTIMA,2015,,2.3,Y
20230309,6900,105534,HYUNDAI,GENESIS,2016,,1.5,Y
20230330,4200,104744,FORD,FIESTA,2017,,2.5,Y
20230321,950,142498,CHEVROLET,AVEO,2011,,2.5,Y
20230321,35500,41037,CHEVROLET,SILVERADO 1500,2018,,4.2,Y
20230322,9800,116501,NISSAN,ALTIMA,2017,,3,Y
20230525,475,245204,FORD,F150 4X4 CR,2007,,0,N
20230526,16000,106148,PORSCHE,MACAN,2017,,2.4,Y
20230502,6000,128611,HYUNDAI,ELANTRA,2017,,3.7,Y
20230511,6500,145133,HONDA,ACCORD 4C,2012,,3.7,Y
20230623,10600,79652,NISSAN,ALTIMA,2017,,2,Y
20230622,2300,154330,NISSAN,MURANO FWD,2011,,2.5,Y
20230608,2700,99289,HYUNDAI,SANTA FE S,2017,,0.6,N
20230622,3500,83414,MITSUBISHI,MIRAGE G4,2019,,2,Y
20230616,23900,14016,HONDA,CIVIC,2021,Blue,2.6,Y
20230613,43400,23286,CHEVROLET,1500 SLV 4X4 CR,2022,BLACK,4,Y
20230609,27700,43142,TOYOTA,RAV4,2020,Black,3.9,Y
20230619,7380,134864,NISSAN,MURANO AWD,2016,GREY,3.1,Y
20230615,700,78519,KIA,FORTE,2015,Gray,1.3,Y
20230703,15400,21400,FORD,MUSTANG 4C CPE,2021,SILVER,2,Y
20230706,20600,84991,NISSAN,TITAN,2018,White,2.9,Y
20230726,11300,76951,CHEVROLET,TRAX FWD,2020,WHITE,3.6,Y
20230719,11000,109416,KIA,OPTIMA,2019,White,4.3,Y
20230725,5900,108927,LANDROVER,LR4,2016,BLACK,1.9,N
20230817,3100,189069,FORD,EXPLORER,2015,SILVER,1.5,Y
20230818,22700,33360,HONDA,ACCORD,2021,White,3.8,Y
20230818,9250,94312,TOYOTA,COROLLA,2019,Silver,1.1,N
20230809,7250,86374,SUBARU,IMPREZA,2020,WHITE,1.7,Y
20230809,5600,103688,MITSUBISHI,OUTLAND SPT FWD,2020,BLACK,1.6,N
20230817,5800,35331,MITSUBISHI,MIRAGE G4,2019,Blue,2,Y
20230926,16600,84527,RAM,1500,2017,Gray,2.5,Y
20230922,13100,96252,HONDA,ACCORD,2016,Red,2.7,Y
20230929,7200,124683,TOYOTA,COROLLA,2016,Black,1.7,Y
20230912,11000,58136,SUBARU,IMPREZA,2020,Black,1.3,Y
20230919,1500,79391,MITSUBISHI,OUTLAND SPT FWD,2019,RED,0,N
20230906,10200,46873,MITSUBISHI,MIRAGE G4,2019,BLACK,4.2,Y
20230613,15600,85834,FORD,EXPLORER,2017,Black,2.8,Y
20230619,2880,134687,VOLKSWAGEN,PASSAT 5C,2013,WHITE,2.5,Y
20230630,8700,76513,NISSAN,SENTRA,2019,BLACK,2.9,Y
20230628,22500,82458,SUBARU,WRX STI,2015,Gray,4,Y
20230601,11800,103108,JEEP,RENEGADE,2020,Gray,2.3,Y
20230728,25000,28504,CHEVROLET,COLORADO,2018,Blue,4.4,Y
20230725,7400,111054,CHEVROLET,EQUINOX,2016,White,2.8,Y
20230719,8600,58821,MERCEDES,C300W4,2016,BLACK,2.4,Y
20230705,9000,158142,LEXUS,NX 200T FWD,2016,GRAY,1.7,Y
20230822,9100,114755,JEEP,PATRIOT,2017,White,3.3,Y
20230829,4500,117672,CHEVROLET,MALIBU,2018,SILVER,1,N
20230823,6200,164507,CHRYSLER,PACIFICA,2017,BLACK,2.6,Y
20230811,13200,35956,CHEVROLET,TRAX FWD,2019,BLACK,2.1,Y
20230817,2500,107172,HYUNDAI,SONATA,2016,Silver,1.5,N
20230803,14800,36594,CHEVROLET,TRAX,2019,Silver,2.9,Y
20230922,900,157240,ACURA,ILX,2013,Maroon,0,N
20230914,18250,35644,CHEVROLET,BOLT EV,2021,Gray,4.8,Y
20230919,8000,126097,CHRYSLER,PACIFICA,2017,SILVER,2.4,Y
20230929,4000,30375,CHEVROLET,TRAX,2019,Gray,1.3,Y
20230926,4700,158086,HYUNDAI,SONATA,2017,Blue,3,Y
20230927,1900,95921,CHEVROLET,SPARK,2014,YELLOW,1.7,Y
20230628,5400,60845,CHRYSLER,200 AWD V6,2015,BLACK,1.3,Y
20230616,5400,106020,GMC,ACADIA,2016,Gray,1.4,Y
20230607,21000,56007,JEEP,COMPASS 4X4,2019,BLUE,4,Y
20230629,7400,126210,NISSAN,PATHFINDER,2017,Gray,2.5,Y
20230623,4500,90434,KIA,SOUL,2016,WHITE,1.3,Y
20230721,800,53228,FORD,TAURUS,2019,Black,0,N
20230728,10200,81323,VOLKSWAGEN,PASSAT,2017,Gray,2.5,Y
20230713,50000,3877,GMC,SIERA 15 4X4 CR,2022,TAN,4.9,Y
20230705,5000,81577,KIA,OPTIMA,2016,Gray,1.3,Y
20230719,13500,133139,AUDI,Q7 V6,2017,GRAY,1.3,Y
20230808,7100,115584,FORD,EXPLORER 4X4 V6,2018,SILVER,1,N
20230808,22000,47743,HONDA,ACCORD,2020,White,3.9,Y
20230817,27300,11368,TOYOTA,RAV4,2021,Red,4.8,Y
20230831,7600,79123,TOYOTA,CAMRY,2019,Silver,1.3,Y
20230802,2000,68845,MITSUBISHI,OUTLAND 4X4 4C,2016,SILVER,0,N
20230803,20600,52068,LAND ROVER,DISCOVERY SPORT,2020,White,3.7,Y
20230906,25800,88073,RAM,1500 4X4 V8 CR,2019,GRAY,3.5,Y
20230914,18100,73143,HONDA,ACCORD,2020,Gray,4.1,Y
20230926,19900,68923,TOYOTA,RAV4 FWD,2018,PURPLE,4.5,Y
20230927,15200,132210,TOYOTA,CAMRY 4C,2019,WHITE,3.5,Y
20230920,10400,123750,SUBARU,WRX,2015,BLUE,3.7,Y
20230915,11400,135458,LAND ROVER,RANGE ROVER,2015,WHITE,1,N
20230405,26200,21634,HONDA,CR-V AWD 4C,2019,SILVER,4.1,Y
20230412,12750,155496,RAM,1500 4X4 V8,2013,BLACK,4.2,Y
20230418,32400,33976,TOYOTA,SIENNA,2019,Blue,3.4,Y
20230424,11750,105100,GMC TRUCK,SR 1500 4X4 CR,2013,RED,2,Y
20230428,25250,29299,HONDA,ACCORD,2020,Silver,3.6,Y
20230504,10250,63240,HONDA,HR-V FWD,2019,SILVER,1.3,Y
20230510,5900,51093,KIA,NIRO PLUG-IN HYBRID,2020,BLUE,1.8,N
20230517,6600,99990,HONDA,ACCORD,2018,RED,0,N
20230523,7000,123586,CHEVROLET,IMPALA V6,2018,BLACK,1.6,Y
20230526,16400,96827,BMW,430I GRAN COUPE,2018,Blue,3.6,Y
20230914,17250,65441,MERCEDES,GLC300W,2018,,2.2,Y
20230928,5000,115534,LINCOLN,TOWN CAR,2011,,2.4,Y
20231101,9200,76702,FORD,EDGE,2015,,2,Y
20230928,3750,107322,NISSAN,SENTRA,2016,,1.9,Y
20231011,1600,94446,CHEVROLET,VOLT,2012,,0,Y
20231102,500,139006,VOLKSWAGEN,JETTA 4C,2013,,0,N
20231026,7250,81929,BUICK,ENCORE FWD,2017,,2.8,Y
20231024,4300,172194,TOYOTA,SIENNA FWD,2012,,2.2,Y
20231101,9500,74002,FORD,FUSION HYBRID S,2018,,2.5,Y
20230801,8250,47519,SUBARU,IMPREZA,2019,,0,Y
20230711,2700,116426,HYUNDAI,ELANTRA,2017,,1,N
20230810,8100,44696,VOLKSWAGEN,JETTA GLI,2019,,0,N
20230711,2900,120307,FORD,FUSION FWD V6,2009,,2.4,Y
20230728,8500,96537,FORD,ECOSPORT,2019,,,Y
20230802,4100,129098,DODGE,DART,2015,,3.4,Y
20230803,4250,149625,JEEP,GR CHERO 4X2 V6,2011,,4.4,Y
20230810,4000,116503,CHEVROLET,MALIBU,2017,,1.3,Y
20230822,3750,82736,HYUNDAI,TUCSON AWD 4C,2016,,1,N
20230922,8400,47807,KIA,SOUL,2018,,2.1,Y
20230929,2500,72774,HARLEY-DAVIDSON,FLSTC HRTG SFTL CLSC,2012,,,N
20231004,16400,71996,RAM,1500,2018,,2.2,Y
20230928,10000,82173,HYUNDAI,ELANTRA,2020,,1.9,Y
20231018,12200,59235,CHEVROLET,EQUINOX,2015,,3.6,Y
20231006,600,230412,DODGE,AVENGER,2013,,2.2,Y
20231031,750,140991,HYUNDAI,SONATA,2013,,0,N
20231108,16750,73380,INFINITI,Q50 4X2 4C,2017,,3.9,Y
20231102,7200,167298,HONDA,PILOT 4X4,2014,,2.6,Y
20230706,1000,128636,NISSAN,MURANO,2010,,1.3,Y
20230817,3100,162713,JEEP,CHEROKEE 4X4 V6,2016,,1.3,Y
20230906,9000,108283,HYUNDAI,ELANTRA,2018,,2.9,Y
20230719,10600,76709,CHEVROLET,CRUZE,2016,,4.6,Y
20230718,6400,232065,FORD,F150 4X2 CR,2012,,3.5,Y
20230727,29500,84223,TOYOTA,TACOMA 4X4 V6,2018,,4,Y
20230815,2500,156606,CHEVROLET,MALIBU,2017,,1.3,Y
20230825,4800,78239,KIA,SPORTAGE,2017,,0,N
20230823,3600,179946,RAM,1500 TRADESMAN,2015,,1.4,Y
20230920,13000,84103,NISSAN,KICKS,2019,,4.1,Y
20231101,6100,151524,BUICK,ENCLAVE,2016,,2.9,Y
20231109,1900,159599,FORD,EDGE FWD V6,2011,,0,N
20231107,15250,65928,MERCEDES,C300W,2017,,4,Y
20231130,3500,133299,HYUNDAI,SONATA,2014,,3.5,Y
20230125,2400,91239,MERCEDES-BENZ,SL 500,2005,,2.6,N
20230215,5000,50688,TOYOTA,CAMRY SOLARA,2008,,2.7,Y
20230328,3500,142736,HYUNDAI,SONATA,2014,,3,Y
20230421,1500,238299,GMC,YUKON XL 1500,2007,,1.7,N
20230508,525,248967,ACURA,MDX TECHNO,2007,,2.7,Y
20230525,6000,107751,FORD,ESCAPE,2014,,3.1,Y
20230608,2900,302642,TOYOTA,SIENNA,2011,,2,Y
20230710,7400,217280,TOYOTA,TACOMA,2007,,3.2,Y
20230831,2800,195821,CHEVROLET,IMPALA,2014,,2.1,Y
20230804,3100,85787,NISSAN,SENTRA,2019,,2.1,Y
20230921,2600,129324,FORD,FUSION,2014,,1.4,Y
20231006,600,156356,KIA,SOUL,2014,,0,N
20231026,1900,999999,DODGE,CHARGER R/,2017,,0,N
20231109,5000,99486,TOYOTA,CAMRY,2010,,2.8,Y
20230104,7500,135186,LANDROVER,RR EVOQUE,2013,,4.1,Y
20230110,12000,77258,DODGE,GRAND CARAVAN,2019,,2.6,Y
20230113,2200,116509,BMW,535IA,2013,,1.9,N
20230118,5000,115500,KIA,CADENZA,2014,,2.6,Y
20230124,1500,140887,NISSAN,PATHFIND FWD,2013,,0,N
20230126,12100,150329,CHEVROLET,1500 SLV 4X2 CR,2017,,2.4,Y
20230201,6400,113740,CHEVROLET,TRAVERSE,2015,,2,Y
20230207,16600,104360,CHEVROLET,2500 SLV 4X4 CR,2009,,3.7,Y
20230209,13400,104118,FORD,EXPLORER 4X4 V6,2012,,3.8,Y
20230214,1800,130822,INFINITI,Q50 AWD V6,2014,,1.3,Y
20230216,3400,134328,CHEVROLET,CRUZE LIMITED,2016,,1.8,Y
20230221,11200,80378,CHRYSLER,300 4X2 V6,2018,,1.5,Y
20230223,1100,188655,CHRYSLER,300,2006,,3.6,Y
20230228,600,222240,BMW,535IA,2008,,2,Y
20230302,7400,120941,HONDA,CIVIC,2016,,2.9,Y
20230307,15000,66889,MITSUBISHI,OUTLAND FWD 4C,2020,,2.7,Y
20230309,19500,187138,RAM,3500 4X4 CR,2017,,2.5,Y
20230314,13900,68634,HONDA,CR-V AWD,2016,,2.3,Y
20230317,5500,91948,VOLKSWAGEN,PASSAT 5C,2013,,2.8,Y
20230322,22000,81247,CHRYSLER,PACIFICA,2020,,4.5,Y
20230328,8900,67561,JEEP,COMPASS,2015,,2.4,Y
20230330,4200,156166,BUICK,ENCLAVE FWD,2014,,2.1,Y
20230404,4500,165158,VOLVO,S60,2015,,3.3,Y
20230406,11700,135422,TOYOTA,CAMRY 4C,2018,,2.6,Y
20230412,4200,163810,HYUNDAI,TUCSON,2012,,3.5,Y
20230418,600,186754,MITSUBISHI,LANCER,2012,,1.4,Y
20230420,5500,123778,HYUNDAI,SONATA,2015,,1.7,Y
20230425,1800,168057,HYUNDAI,GENESIS COUPE,2010,,2.4,Y
20230427,6500,107903,HYUNDAI,ELANTRA,2017,,1.6,Y
20230502,5750,197387,RAM,1500,2014,,1.9,Y
20230503,550,238891,NISSAN,ARMADA,2012,,0,N
20230505,6000,304550,CHEVROLET,SILVERADO 1500,2014,,0,N
20230509,16900,163850,FORD,T350 WAGON V6,2015,,2.6,Y
20230511,450,211395,JEEP,CHEROKEE 4X4 V6,2005,,1.8,N
20230516,5800,130014,HONDA,CR-V AWD,2013,,1.3,Y
20230518,3800,119702,KIA,SORENTO AWD 4C,2012,,1.9,Y
20230523,2600,141375,FORD,ESCAPE,2017,,1,N
20230525,1600,134278,CHEVROLET,EQUINOX,2014,,3.5,N
20230531,5100,87252,HYUNDAI,SONATA,2014,,1,N
20230602,3600,125528,BMW,528I,2011,,2.7,Y
20230607,5500,122046,NISSAN,SENTRA,2016,,2.3,Y
20230613,8600,115454,NISSAN,ALTIMA 4C,2017,,2.5,Y
20230615,6000,251722,FORD,F150 4X4 CR,2010,,3.2,Y
20230620,11000,158177,FORD,F-150,2013,,2,Y
20230622,22000,17263,CHEVROLET,EQUINOX FWD,2022,,4.6,Y
20230629,3600,102362,NISSAN,SENTRA,2019,,0,Y
20230704,8100,51813,HONDA,CIVIC,2020,,2.8,Y
20230706,6000,118493,HYUNDAI,TUCSON FWD 4C,2017,,2.5,Y
20230711,800,84376,FIAT,500,2016,,2.5,Y
20230713,7800,137914,CHEVROLET,SILVERADO 1500,2013,,2.7,Y
20230718,2500,131651,BUICK,ENCLAVE FWD,2009,,3,Y
20230720,1300,121535,AUDI,Q7,2009,,1.8,Y
20230726,4600,128889,BUICK,LACROSSE,2015,,2.9,Y
20230728,5500,102955,CHEVROLET,CRUZE,2018,,2.1,Y
20230801,6500,77701,CHEVROLET,CAMARO V6,2015,,0,N
20230803,2700,98294,MITSUBISHI,OUTLANDER SPORT,2016,,1.5,Y
20230808,700,999999,MERCEDES,GLK350W4,2012,,1,N
20230810,6700,76458,JEEP,RENEGADE FWD 4C,2015,,3.6,N
20230815,1800,117569,NISSAN,SENTRA,2016,,1.7,Y
20230816,8800,74911,KIA,OPTIMA,2015,,3.7,Y
20230817,2800,208417,FORD,F-150,2010,,1.3,Y
20230822,2800,220249,HONDA,CR-V FWD,2008,,1.9,Y
20230824,800,229584,FORD,EXPEDIT 4X2 V8,2005,,1.9,Y
20230829,4400,157076,LANDROVER,RR EVOQUE,2013,,3.3,Y
20230830,4500,185184,HYUNDAI,ELANTRA,2018,,3.5,Y
20230831,2600,142347,CHRYSLER,200 FWD 4C,2015,,2.5,Y
20230905,5000,172590,HONDA,ACCORD 4C,2013,,2.8,Y
20230907,8600,108945,MERCEDES,ML350W4,2012,,3.9,Y
20230911,1800,170179,DODGE,CHARGER 4X2 V6,2010,,2.4,Y
20230912,2800,146924,GMC,TERRAIN,2012,,2.3,Y
20230914,6000,109107,JEEP,RENEGADE FWD 4C,2017,,2.7,Y
20230919,1800,139658,KIA,OPTIMA,2012,,1.8,Y
20230919,5200,112436,HYUNDAI,SONATA,2015,,2,Y
20230921,3100,888888,GMC,TERRAIN FWD 4C,2015,,1,N
20230926,14000,103895,TOYOTA,HIGHLNDR FWD V6,2015,,3.8,Y
20230927,5100,156173,FORD,EXPLORER,2015,,2.2,Y
20230928,13800,83654,GMC TRUCK,CANYON 4X2 CR,2019,,1.8,Y
20231003,6500,73304,MINI,COUNTRYMAN FWD,2014,,3.8,Y
20231004,2100,168803,ACURA,TL,2008,,2.2,Y
20231006,10500,126847,RAM,PROMAST 1500 V6,2016,,3.2,Y
20231010,1900,120958,HYUNDAI,ELANTRA,2013,,1.8,Y
20231011,3200,134321,KIA,SORENTO FWD 4C,2016,,1,N
20231012,2900,194614,CHEVROLET,SILVERADO 1500,2012,,1.5,N
20231017,1400,129476,CHEVROLET,EQUINOX FWD 4C,2013,,2.6,N
20231019,4800,71972,INFINITI,Q50 4X2 V6,2015,,2,Y
20231023,11800,101264,DODGE,CHARGER 4X2 V6,2015,,4.2,Y
20231024,2400,121314,DODGE,JOURNEY FWD V6,2015,,1.8,Y
20231026,6000,150535,FORD,F150 4X2 EX,2013,,2.3,Y
20231030,2900,90439,FORD,FOCUS,2016,,3.2,Y
20231031,1200,168601,TOYOTA,CAMRY,2011,,0,N
20231102,2800,187571,DODGE,CHALLENGER V6,2014,,2.2,Y
20231107,6400,111156,NISSAN,ALTIMA,2016,,2.4,Y
20231107,6300,109909,CHRYSLER,200 FWD 4C,2015,,3.5,Y
20231109,2200,201177,DODGE,CHARGER,2012,,2.5,Y
20231113,8300,54193,CHEVROLET,SPARK,2020,,3.7,Y
20231114,900,177200,CHRYSLER,200 4C,2012,,3.5,Y
20231116,3200,117975,HYUNDAI,ELANTRA GT,2016,,2.5,Y
20231121,12500,91399,TOYOTA,RAV4 FWD,2019,,2.7,Y
20231121,1100,137261,FORD,RANGER 4X4 EX,2005,,1.3,Y
20231122,7000,107348,GMC,ACADIA FWD,2014,,3.5,Y
20231128,1400,166742,FORD,FUSION,2016,,2.2,Y
20231130,3700,120570,NISSAN,JUKE FWD,2016,,1.8,Y
20231204,3000,104267,FORD,FUSION FWD 4C,2017,,2,N
20231205,500,207909,GMC,ACADIA FWD,2012,,2,N
20231207,4800,97564,FORD,EDGE,2017,,2.1,Y
20231212,7500,122671,HONDA,CIVIC,2016,,2.5,Y
20231213,7500,145559,CHEVROLET,SILVERADO 2500HD,2014,,2.2,Y
20231214,11800,98251,NISSAN,ALTIMA FWD 4C,2021,,2.7,Y
20231213,1200,124659,LINCOLN,MKT,2014,,0,N
20231207,2800,126772,NISSAN,SENTRA,2015,,3.2,Y
20231226,4100,109228,FORD,FUSION,2016,,2.3,Y
20231219,5400,120251,FORD,FUSION FWD 4C,2020,,1.4,Y
20231122,28700,37908,CADILLAC,XT5 AWD V6,2020,BLACK,3.9,Y
20231213,14200,80071,FORD,EXPLORER,2018,BURGUNDY,1.6,Y
20231122,6400,88765,KIA,FORTE,2021,WHITE,1.3,Y
20231130,19800,22929,CHEVROLET,EQUINOX FWD 4C,2020,WHITE,4.4,Y
20231227,6900,65498,DODGE,JOURNEY,2017,SILVER,2.9,Y
20231121,4800,189517,CHEVROLET,MALIBU,2016,BLACK,2.6,Y
20231129,13800,27072,CHEVROLET,BOLT EV,2020,GRAY,4,Y
20231227,1500,88080,HYUNDAI,ELANTRA,2017,BLUE,0,Y
20231221,5100,999999,AUDI,Q7 V6,2017,BLACK,1,Y
20231226,14100,23384,CHEVROLET,BOLT EV,2020,GRAY,4.4,Y
20230824,16250,18069,CHEVROLET,BOLT EV,2017,ORANGE,4.8,Y
20230725,16400,13182,CHEVROLET,BOLT EV,2018,WHITE,4.4,Y
20230824,13000,33010,CHEVROLET,BOLT EV,2017,WHITE,4.4,Y
20230919,18250,21477,CHEVROLET,BOLT EV,2020,GRAY,4.3,Y
20230117,13800,172331,CHEVROLET,1500 SLV 4X4 CR,2018,WHITE,2.5,Y
20230118,23500,13192,CHEVROLET,EQUINOX AWD 4C,2020,GRAY,4.7,Y
20230125,9200,118279,TOYOTA,CAMRY,2015,GRAY,3,Y
20230215,3900,219199,CHEVROLET,1500 SUB 4X4 V8,2013,BLACK,2.8,Y
20230117,28400,33545,CHEVROLET,BLAZER AWD V6,2019,SILVER,4.2,Y
20230215,18200,53768,CHEVROLET,IMPALA 4C,2019,SILVER,2.7,Y
20230208,25900,70624,NISSAN,ARMADA 4X2,2019,WHITE,2.9,Y
20230224,8000,109968,GMC,ACADIA FWD,2013,SILVER,2,Y
20230222,18100,32311,NISSAN,ROGUE,2019,BLUE,2.9,Y
20230215,20400,27775,CHEVROLET,EQUINOX AWD 4C,2019,WHITE,3.6,Y
20230308,16200,77500,MITSUBISHI,OUTLAND FWD 4C,2019,GRAY,4.1,Y
20230315,5700,100546,CHEVROLET,EQUINOX FWD 4C,2017,WHITE,1.8,Y
20230307,8400,99685,DODGE,JOURNEY FWD V6,2017,WHITE,2.3,Y
20230228,4000,163569,HYUNDAI,SONATA,2014,BLUE,2.8,Y
20230315,24200,38340,FORD,MUSTANG V8 CPE,2017,RED,1.9,Y
20230303,16000,49435,CHEVROLET,TRAX AWD,2019,WHITE,2.6,Y
20230404,21500,29960,CHEVROLET,EQUINOX FWD 4C,2020,WHITE,4.2,Y
20230406,21600,24727,CHEVROLET,EQUINOX FWD 4C,2020,BLUE,4.1,Y
20230418,21400,32752,CHEVROLET,EQUINOX FWD,2021,SILVER,4.1,Y
20230412,41600,27532,FORD,F150 4X2 V6 CR,2021,RED,4,Y
20230830,16800,19193,CHEVROLET,BOLT EV,2020,BLUE,4.3,Y
20230421,13900,87668,NISSAN,ROGUE SPORT,2019,GRAY,3,Y
20230713,21400,29333,CHEVROLET,BOLT EV,2020,BLUE,4.4,Y
20230428,14200,102378,BUICK,ENCLAVE AWD,2017,RED,2.1,Y
20230531,22000,20383,CHEVROLET,EQUINOX FWD 4C,2020,WHITE,3.8,Y
20230530,18400,33929,CHEVROLET,EQUINOX FWD 4C,2020,BLUE,1.7,Y
20230525,24000,6414,CHEVROLET,MALIBU,2022,GRAY,4.8,Y
20230613,11100,97558,CHEVROLET,EQUINOX FWD 4C,2019,WHITE,2.2,Y
20230524,18600,23872,CHEVROLET,EQUINOX FWD 4C,2019,BLACK,2.8,Y
20230726,1000,149313,GMC,TERRAIN,2013,GRAY,2,Y
20230711,26200,10430,GMC,TERRAIN AWD,2022,SILVER,3.9,Y
20230622,14000,103520,NISSAN,PATHFIND FWD,2019,SILVER,3.2,Y
20230721,20000,11503,CHEVROLET,TRAX FWD,2022,BLUE,4.3,Y
20230720,29200,26735,CADILLAC,XT4 AWD,2020,BLACK,3.9,Y
20230915,21500,12374,CHEVROLET,EQUINOX,2021,WHITE,3.6,Y
20230810,16900,16964,CHEVROLET,BOLT EV,2019,GRAY,4.5,Y
20230728,20800,595,BUICK,ENCORE AWD,2021,WHITE,3.8,Y
20230810,8000,121762,LEXUS,ES 350,2013,BROWN,2.9,Y
20230831,31800,51851,CADILLAC,XT6 AWD,2020,GRAY,4,Y
20230803,1000,270177,INFINITI,Q70 4X2 V6,2014,BLACK,1.5,Y
20230823,8400,54942,KIA,FORTE5,2017,WHITE,2.1,Y
20230919,23500,29533,CHEVROLET,BLAZER FWD V6,2020,RED,2.9,Y
20231114,12000,71090,NISSAN,MURANO AWD,2015,WHITE,3.3,Y
20230816,18600,41279,CHEVROLET,CAMARO V6,2018,GRAY,1.9,Y
20230914,48750,14413,GMC,SIERA 15 4X4 CR,2022,WHITE,3.7,Y
20230928,11900,75216,CHEVROLET,1500 LD 4X2 DB,2019,SILVER,2.1,Y
20231018,9200,45351,FORD,FUSION,2017,BEIGE,2.2,Y
20230927,2400,85477,HYUNDAI,SONATA,2016,WHITE,1.3,Y
20231018,15900,126209,RAM,1500,2018,BLACK,3.2,Y
20231020,30000,2863,CHEVROLET,BLAZER FWD 4C,2023,BLACK,4.8,Y
20231026,21200,64592,BUICK,ENCLAVE FWD,2020,WHITE,3.6,Y
20231031,14600,42787,CHEVROLET,BOLT EV,2020,GRAY,4.8,Y
20231115,5500,80501,HYUNDAI,ELANTRA,2017,BLUE,1.6,Y
20231115,17600,28465,CHEVROLET,EQUINOX,2020,GRAY,4.5,Y
20231108,12900,34348,CHEVROLET,SONIC,2020,BLACK,2.9,Y
20231114,24100,22876,CADILLAC,XT5 FWD,2019,WHITE,3.3,Y
20230901,28000,22415,JEEP,Cherokee 4WD,2020,WHITE,,N
20230816,32400,49218,JEEP,WRANGLER UNLIMITED,2019,,4.8,N
20231130,38000,44445,JEEP,WRANGLER UNLIMITED,2021,,4.5,N
20231130,6000,425113,RAM,PROMASTER 3500,2019,,2.5,N
20230808,9000,100925,CHEVROLET,CRUZE,2019,,2.5,N
20230606,26600,33456,JEEP,WRANGLER JK,2018,,4.7,N
20231107,19300,73783,CHEVROLET,COLORADO,2017,,2,N
20230428,33600,62631,TOYOTA,TACOMA,2020,,3.5,N
20230726,8000,72065,CHEVROLET,TRAX,2016,,2.3,N
20230706,14500,48695,JEEP,RENEGADE,2019,,3.5,N
20230327,14600,94026,CHEVROLET,EQUINOX,2019,,2.9,N
20230321,15400,96385,DODGE,CHARGER,2018,,1.9,N
20231025,7500,105127,HYUNDAI,SANTA FE SPORT,2014,,3.6,N
20230316,4750,83387,CADILLAC,XT5,2017,,1,N
20231004,14100,47267,FORD,MUSTANG,2018,,2,N
20230316,23000,58307,DODGE,CHARGER 4X2 V6,2019,,3.5,N
20230126,8300,96858,DODGE,JOURNEY,2020,,,N
20230926,10200,226101,JEEP,GR CHERO  V6,2019,,2.2,N
20231011,31600,6160,RAM,1500 4X2 V6 QD,2022,,4.9,N
20230221,18200,83848,DODGE,CHALLENGER V8,2016,,2.5,N
20231213,29200,25917,JEEP,WRANGLER 4C,2021,,4.9,N
20230727,14200,138367,JEEP,GR CHERO 4X4 V6,2019,,2.9,N
20230511,1900,83125,MITSUBISHI,OUTLAND FWD 4C,2019,,2,N
20230607,19000,38941,JEEP,COMPASS 4X4,2021,,3.4,N
20231005,9100,96422,DODGE,JOURNEY FWD 4C,2017,,4.2,N
20231018,31800,47063,DODGE,DURANGO,2019,,3.8,N
20230907,17750,112025,GMC,1500 LTD 4X2 DB,2019,,3.9,N
20230829,11200,94003,DODGE,JOURNEY AWD V6,2018,,3.7,N
20230516,29200,75546,RAM,1500 4X4 V8 CR,2019,,2.9,N
20230911,6800,125878,DODGE,JOURNEY FWD 4C,2019,,3.8,N
20230807,32800,39732,RAM,3500 4X4 V8 CR,2020,,2.4,N
20230921,8600,92570,JEEP,GR CHERO 4X4 V8,2013,,2.3,N
20231130,13600,118002,RAM,1500,2020,,2.5,N
20231208,37000,16171,JEEP,GR CHERO 4X4 V6,2023,,4.3,N
20231122,3900,107882,JEEP,PATRIOT FWD 4C,2017,,2.5,N
20230824,15200,90542,JEEP,CHEROKEE FWD 4C,2019,,4,N
20230609,21000,41171,MAZDA,CX-9,2018,,4,N
20231031,21200,18369,JEEP,COMPASS,2020,,4.3,N
20231103,25500,34194,JEEP,WRANGLER UNLIMITED,2018,,4.4,N
20230406,25200,32086,JEEP,RENEGADE,2021,,,N
20231205,27400,33060,JEEP,GR CHERO 4X4 V6,2020,,,N
20231115,25250,19225,JEEP,CHEROKEE 4X4 V6,2020,,4.5,N
20231109,18600,42128,JEEP,COMPASS 4X4,2020,,4.5,N
20230628,21000,20611,JEEP,COMPASS 4X4,2019,,3.8,N
20230718,27000,51004,JEEP,GR CHERO 4X4 V6,2020,,2.9,N
20231004,3800,75745,CHEVROLET,BLAZER,2020,,1,N
20231025,3100,180008,HYUNDAI,ELANTRA,2017,,3.5,N
20230726,17000,62033,NISSAN,MAXIMA,2020,,3.7,N
20230208,4400,141987,GMC,SIERRA 1500,2012,,1,N
20230413,11750,111867,FORD,EXPEDITION EL,2014,,3.3,N
20231207,15500,36690,NISSAN,SENTRA,2021,,2.5,N
20230615,17700,109630,DODGE,DURANGO,2018,,2.9,N
20230126,16600,55449,JEEP,COMPASS,2018,,3.7,N
20230309,7700,136258,NISSAN,ROGUE,2018,,1.9,N
20231103,7000,166315,CHEVROLET,SILVERADO 1500,2014,,2.4,N
20230818,1600,101978,KIA,SOUL,2020,,0,N
20230912,26300,72304,CHEVROLET,SILVERADO 1500,2020,,3.6,N
20230103,17300,35153,KIA,OPTIMA,2019,,3.9,N
20231003,5500,100414,CHEVROLET,MALIBU,2019,,1.9,N
20231121,16800,16028,HYUNDAI,ELANTRA,2021,,4.4,N
20230502,8000,70677,NISSAN,ALTIMA,2017,,2.6,N
20230606,2600,115790,BMW,X5,2013,,3.3,N
20230328,24750,7171,HYUNDAI,ELANTRA,2023,,4.9,N
20231017,16900,100785,TESLA,MODEL S,2016,,4.3,N
20230214,17700,21455,HYUNDAI,ELANTRA,2019,,4.3,N
20230901,7300,56243,FORD,ESCAPE,2018,,2.3,N
20231013,12400,57420,NISSAN,SENTRA,2019,,4.3,N
20230303,15000,38484,FORD,ESCAPE,2018,,3.6,N
20231027,12750,60083,JEEP,COMPASS,2018,,3.9,N
20230908,16500,35535,NISSAN,ROGUE,2017,,3.4,N
20231025,14600,58471,CADILLAC,ATS,2015,,4.4,N
20231018,2400,107077,JAGUAR,XE,2018,,1.3,N
20230328,4400,78847,CHEVROLET,MALIBU,2013,,2.4,N
20230124,14250,62157,DODGE,CHARGER,2015,,4.3,N
20230822,2100,53511,NISSAN,SENTRA,2019,,0,N
20231108,4000,73829,MITSUBISHI,MIRAGE G4,2021,,3.5,N
20231113,13200,34136,CHEVROLET,TRAX,2020,,4.1,N
20230424,5200,112136,HONDA,FIT,2013,,2.7,N
20230227,12800,64846,KIA,SOUL,2017,,4.1,N
20231120,3500,73160,NISSAN,SENTRA,2019,,1.8,N
20230919,18600,82638,CADILLAC,CT6,2017,,2.4,N
20230926,15800,108891,HONDA,CR-V,2017,,4.1,N
20230328,13400,121976,TOYOTA,CAMRY,2018,,3.3,N
20230823,9400,82909,KIA,FORTE 5-DOOR,2016,,3.6,N
20230927,600,77263,FORD,FOCUS,2012,,1.7,N
20230615,6500,117197,FORD,ESCAPE,2016,,1,N
20230216,7400,57360,KIA,SOUL,2017,,1,N
20231122,1700,148994,AUDI,A3,2015,,1,N
20230504,21000,58653,JEEP,CHEROKEE,2019,,3.7,N
20230927,22250,122615,CHEVROLET,SILVERADO 1500,2017,,3,N
20231122,8500,93055,NISSAN,ARMADA,2012,,3.5,N
20230324,8800,91152,FORD,FUSION,2017,,3.7,N
20230316,12600,95227,CHEVROLET,IMPALA V6,2017,,2.4,N
20230525,6400,59040,HYUNDAI,ELANTRA,2019,,1.5,N
20230323,28800,13713,MITSUBISHI,OUTLAND FWD,2022,,4.8,N
20231109,1200,153680,VOLKSWAGEN,CC FWD 4C,2012,,1.3,N
20230720,19800,92741,DODGE,DURANGO,2017,,2.9,N
20231109,24000,5086,MITSUBISHI,OUTLANDER,2023,,5,N
20230926,8600,77482,CHEVROLET,MALIBU,2018,,2.6,N
20230103,2300,168276,HYUNDAI,ELANTRA,2017,,1,N
20230530,7100,153783,NISSAN,ALTIMA 4C,2018,,2.6,N
20231220,2200,109571,BMW,128I CPE,2013,,2.8,N
20230308,14550,82213,DODGE,JOURNEY FWD V6,2018,,3.1,N
20231213,20000,10715,HYUNDAI,KONA FWD 4C,2023,,4.5,N
20230705,6100,103359,KIA,SPORTAGE FWD 4C,2016,,2.5,N
20230823,4800,116856,NISSAN,ROGUE FWD,2015,,2,N
20230405,20600,97481,TOYOTA,RAV4 AWD,2018,,4.4,N
20230207,36000,10954,HYUNDAI,PALISADE AWD,2022,,4.2,N
20230517,21000,89377,CHEVROLET,1500 SLV 4X2 CR,2017,,2.1,N
20231011,13600,73376,FORD,EDGE FWD SUV,2018,,2.8,N
20230124,14000,24933,HYUNDAI,SONATA,2018,,2,N
20230531,17800,14045,MITSUBISHI,OUTLAND SPT FWD,2022,,2.5,N
20230920,23500,47636,TOYOTA,RAV4 FWD,2020,,4,N
20230608,4000,120050,JEEP,COMPASS 4X4 4C,2016,,1.3,N
20230713,13500,44243,CHEVROLET,TRAX FWD,2020,,2.5,N
20230622,6700,120315,INFINITI,Q50 4X2 V6,2015,,3.1,N
20230406,8700,93534,NISSAN,SENTRA,2018,,2.9,N
20230228,7700,68769,CHEVROLET,TRAX FWD,2017,,3.3,N
20230808,2700,145834,INFINITI,QX60 AWD V6,2014,,1.5,N
20230829,10200,117308,NISSAN,PATHFIND FWD,2017,,3.6,N
20230817,4900,107653,BUICK,VERANO,2014,,2.5,N
20231109,5300,84182,FORD,EXPLORER 4X4 4C,2017,,2.7,N
20231109,21900,8959,KIA,SELTOS AWD 4C,2023,,5,N
20231025,18500,113211,CHEVROLET,1500 LD 4X4 DB,2019,,4,N
20230525,7000,96365,AUDI,A4 AWD,2014,,2,N
20230420,15300,80024,FORD,ESCAPE FWD 4C,2019,,4.4,N
20230309,16000,52378,KIA,SORENTO FWD 4C,2019,,3.3,N
20231214,7700,142555,TOYOTA,CAMRY 4C,2014,,3,N
20230314,8400,129240,DODGE,CHARGER 4X2 V6,2019,,1,N
20230829,17000,43346,HYUNDAI,VENUE,2021,,3.7,N
20230321,23000,12555,NISSAN,KICKS,2022,,3.7,N
20230405,8000,53634,CHRYSLER,200 V6,2013,,1.7,N
20231115,1200,157688,NISSAN,PATHFIND 4X4,2013,,1,N
20230227,8400,135566,CHEVROLET,EQUINOX FWD 4C,2018,,2.9,N
20230703,3000,184784,FORD,F150 4X2 CR,2010,,1.7,N
20230227,6200,122362,HYUNDAI,SANTA FE FWD,2017,,2.6,N
20231009,8000,80996,KIA,SOUL,2020,,2.1,N
20231211,10000,118932,NISSAN,MAXIMA,2017,,2,N
20230814,18200,127741,TOYOTA,HIGHLNDR FWD 4C,2019,,4.1,N
20231024,1500,155633,FORD,ESCAPE 4X4 4C,2013,,2,N
20230711,8700,98097,KIA,SOUL,2016,,3.2,N
20231102,31800,22092,CHEVROLET,1500 SLV 4X2 CR,2022,,4.8,N
20231026,19600,44926,INFINITI,Q50 4X2 V6,2018,,4.2,N
20230126,23800,6330,TOYOTA,CAMRY 4C,2019,,4.5,N
20231205,18000,42525,HONDA,ACCORD V6,2016,,3.1,N
20230706,10000,74243,BMW,535I AUTO,2014,,2.5,N
20230605,10600,68353,MERCEDES,GLK350W2,2015,,2.5,N
20230920,10000,37157,CHEVROLET,EQUINOX FWD 4C,2020,,2.4,N
20230426,10000,75686,FORD,FUSION FWD 4C,2019,,3.5,N
20230208,8600,109747,MERCEDES,GLK350W4,2015,,2.8,N
20231018,12500,51673,TOYOTA,COROLLA,2021,,2.3,N
20230615,12000,95471,FORD,MUSTANG 4C CPE,2016,,2.6,N
20230801,1000,140803,MERCEDES,C300W4,2013,,1,N
20231012,10000,71143,VOLKSWAGEN,JETTA,2017,,3.7,N
20230209,18000,83127,CHEVROLET,TRAVERSE FWD,2018,,3.7,N
20231212,16900,115609,GMC TRUCK,SIERA 15 4X2 CR,2016,,2.6,N
20231026,4600,117341,KIA,SOUL,2018,,2.4,N
20230126,12200,85055,NISSAN,ROGUE SPORT FWD,2017,,4,N
20230609,6100,137513,CHEVROLET,SILVERADO 1500,2015,,1.5,N
20230417,10800,88643,BUICK,ENCORE FWD,2019,,2.2,N
20231013,13000,44958,KIA,SOUL,2020,,3.6,N
20230308,11600,79817,CHEVROLET,MALIBU,2017,,1.6,N
20230815,10500,70992,CHEVROLET,EQUINOX,2019,,2.8,N
20230406,15500,49623,KIA,SOUL,2019,,2.4,N
20230921,21500,10555,KIA,SELTOS,2023,,4.6,N
20231207,10400,54111,NISSAN,KICKS,2019,,3.8,N
20230426,2400,116392,HYUNDAI,SONATA 2.4L SPO,2015,,0,N
20231024,6800,98621,NISSAN,KICKS,2020,,1.3,N
20231012,1700,142815,FORD,FUSION FWD 4C,2015,,2,N
20231205,3600,109967,NISSAN,ALTIMA,2015,,1.3,N
20230127,3400,105755,NISSAN,MAXIMA,2017,,1,N
20230425,2200,199304,DODGE,RAM 1500 S,2012,,1.3,N
20231206,3000,105557,CHEVROLET,MALIBU LT,2016,,1.5,N
20230927,4800,101016,FORD,ESCAPE,2016,,2,N
20230119,4200,89234,HYUNDAI,SONATA,2016,,0,N
20231220,2600,121148,JEEP,CHEROKEE LATITU,2014,,0,N
20231213,8800,146692,TOYOTA,RAV4,2015,,2.5,N
20230207,16200,83642,BUICK,ENCLAVE,2017,,2.7,N
20240328,31600,21531,CADILLAC,XT4 AWD,2022,BLACK,4.3,N
20240326,24500,26627,CHEVROLET,BLAZER AWD V6,2021,BLUE,4,N
20240321,17000,27388,CHEVROLET,EQUINOX FWD 4C,2020,GREY,2.7,N
20240319,7800,119120,CHEVROLET,TRAX FWD,2019,BLACK,3.2,N
20240315,37750,36575,CHEVROLET,1500 SLV 4X4 CR,2021,BLACK,4.2,N
20240313,21500,85850,TOYOTA,TACOMA,2017,ORANGE,3.2,N
20240308,24000,46012,CADILLAC,XT5 AWD 4C,2020,BLACK,3.6,N
20240306,24500,9854,BUICK,ENVISION FWD,2023,WHITE,4.5,N
20240301,35000,18843,CHEVROLET,SILVERADO 1500 LTD,2022,BLACK,4,N
20240229,24200,31280,GMC,ACADIA AWD V6,2021,WHITE,4.6,N
20240227,20200,105193,RAM,1500 4X4 V8 CR,2019,GRAY,2.6,N
20240222,2300,136863,GMC,ACADIA FWD,2012,WHITE,2.9,N
20240221,21300,33761,BUICK,ENVISION,2020,BLACK,2.9,N
20240216,43000,40470,GMC,1500 LTD 4X4 CR,2022,GRAY,2.2,N
20240214,13700,61930,DODGE,CHALLENG 4X2 V6,2017,SILVER,3.2,N
20240209,29400,26223,BUICK,ENCLAVE AWD,2021,BLACK,4.9,N
20240207,22200,41618,CHEVROLET,CAMARO 4C,2022,BLACK,4,N
20240202,19600,24912,CHEVROLET,TRAVERSE AWD,2020,RED,1.7,N
20240131,5200,76156,CHEVROLET,TRAX FWD,2019,RED,1.1,N
20240126,35000,23472,CADILLAC,XT6 AWD V6,2021,GRAY,4.6,N
20240124,18400,89223,FORD,F150 4X4 CR,2018,GRAY,2.7,N
20240123,15000,24427,CHEVROLET,BOLT EV,2021,GRAY,4.2,N
20240117,5800,117253,CADILLAC,ATS,2015,BLACK,1.5,N
20240111,11000,64866,CHEVROLET,MALIBU,2017,GREY MET,2.8,N
20240109,7600,102684,FORD,ESCAPE 4X4 4C,2018,WHITE,3.7,N
20240103,18000,31897,CHEVROLET,EQUINOX,2020,SILVER,4.8,N
20240103,3600,188342,CHEVROLET,TRAVERSE,2015,,2.3,Y
20240109,18500,43263,RAM,1500 4X2 QD,2017,,2.6,Y
20240111,11100,138982,FORD,F150 4X4 CR,2015,,1.3,Y
20240116,2000,141895,NISSAN,PATHFIND FWD,2013,,1.3,Y
20240119,1300,170243,DODGE,DART,2015,,2.5,Y
20240125,650,150632,CHEVROLET,EQUINOX,2011,,0.5,Y
20240130,2400,155215,TOYOTA,HIGHLNDR 4X4 V6,2007,,3.7,Y
20240202,3000,241919,FORD,SUPER DUTY F-350 SRW,2008,,2,Y
20240208,2000,122757,DODGE,DART,2016,,1.3,Y
20240213,2300,129661,NISSAN,SENTRA,2018,,2.3,Y
20240215,7000,98009,HYUNDAI,ELANTRA,2018,,3.3,Y
20240221,2600,117783,CHEVROLET,MALIBU,2012,,2.5,Y
20240226,15000,88103,TOYOTA,CAMRY 4C,2019,,3.3,Y
20240229,2800,153737,CHRYSLER,200,2016,,2.4,Y
20240305,1800,160299,FORD,ESCAPE,2013,,2.1,Y
20240307,2600,149861,LINCOLN,MKZ FWD V6,2013,,2.2,Y
20240312,3200,108174,MERCEDES,GL450,2010,,2.2,Y
20240314,3200,161691,TOYOTA,CAMRY,2014,,2.3,Y
20240320,3100,140301,JEEP,PATRIOT,2015,,3.6,Y
20240322,4000,85607,NISSAN,SENTRA,2016,,2.5,Y
20240326,6000,125906,KIA,SPORTAGE,2015,,1.3,Y
20240328,2600,165516,KIA,OPTIMA,2014,,2,Y
20240312,,81061,FORD,"F-250                         ",2019,,3.9,N
20240314,,24848,CHEVROLET,"SPARK                         ",2021,,2.7,N
20240314,,124084,CHEVROLET,"SILVERADO 1500                ",2015,,3,N
20240109,,65619,CHEVROLET,"MALIBU                        ",2021,,0,N
20240314,,70478,CHEVROLET,"SONIC                         ",2020,,4.3,N
20240201,,168944,CHEVROLET,"EXPRESS 2500                  ",2018,,2.7,N
20240208,,67462,FORD,"ESCAPE                        ",2019,,3.8,N
20240308,,67160,FORD,"F-150                         ",2019,,2.7,N
20240214,,30421,CHEVROLET,"EQUINOX                       ",2020,,3.8,N
20240403,26900,73503,DODGE,CHARGER,2020,,3.4,Y
20240408,6600,66561,HYUNDAI,ACCENT,2016,,2.7,Y
20240410,7800,99260,KIA,FORTE,2017,,4.4,Y
20240412,2200,163331,CHRYSLER,TOWN & COUNTRY,2015,,1.8,Y
20240417,2700,248829,DODGE,RAM 1500,2010,,1.3,Y
20240418,9200,98405,NISSAN,ROGUE FWD 4C,2020,,2,Y
20240423,14200,90278,BMW,X5 35I XDRIVE,2014,,3.9,Y
20240425,3100,88996,NISSAN,SENTRA,2017,,2.1,Y
20240430,2500,126857,NISSAN,SENTRA,2019,,1.3,Y
20240403,13600,153982,CHEVROLET,1500 SLV 4X4 CR,2015,BLACK,,N
20240405,43250,6172,GMC,SIERA 15 4X4 CR,2023,TAN,,N
20240410,12400,72937,GMC,TERRAIN AWD 4C,2020,WHITE,,N
20240411,7500,147093,PORSCHE,PANAMERA 4X2 V8,2011,BROWN,,N
20240416,20400,65947,MAZDA,CX-9 FWD,2021,RED,,N
20240417,14000,58138,NISSAN,SENTRA,2021,WHITE,,N
20240422,24200,20495,CHEVROLET,BLAZER FWD V6,2021,GRAY,,N
20240424,23700,40256,CADILLAC,XT4 AWD,2020,RED,,N
20240430,28200,44154,GMC,ACADIA FWD V6,2021,RED,,N
20240501,59400,77601,GMC,SIERA 35 4X4 CR,2020,BLACK,,N
20240503,34600,28067,CADILLAC,XT6 AWD V6,2021,BLACK,,N
20240508,17800,35394,BUICK,ENCORE GX AWD,2021,GRAY,,N
20240510,18200,21464,CHEVROLET,EQUINOX FWD,2021,SILVER,,N
20240515,21200,22751,CHEVROLET,MALIBU,2023,RED,,N
20240520,20700,29401,CADILLAC,XT4 FWD,2020,SILVER,,N
20240523,7400,83328,FORD,FUSION,2020,BLUE,,N
20240528,22400,4375,CHEVROLET,MALIBU,2024,RED,,N
20240530,16500,71676,CHEVROLET,TRAVERSE AWD V6,2019,GRAY,,N
20240604,21300,34503,CHEVROLET,BLAZER FWD V6,2021,WHITE,,N
20240606,25800,30469,CHEVROLET,BLAZER FWD V6,2021,BLACK,,N
20240611,23700,36294,CADILLAC,XT5 FWD 4C,2021,RED,,N
20240612,4300,108364,JEEP,WRANGLER,2008,RED,,N
20240618,53400,55273,GMC,YUKON XL 4X4 V8,2021,BLACK,,N
20240620,26600,6686,CHEVROLET,BLAZER,2022,GRAY,,N
20240625,2100,128104,JEEP,CHEROKEE,2016,BURGUNDY,,N
20240627,29500,2589,CHEVROLET,EQUINOX AWD,2024,GRAY,,N
20240501,1800,123640,DODGE,JOURNEY,2015,,2.3,Y
20240503,2000,141767,DODGE,JOURNEY,2013,,2,Y
20240507,2000,126874,VOLKSWAGEN,TOUAREG,2010,,2.6,Y
20240509,1300,144288,CHEVROLET,SPARK,2014,,1.9,Y
20240514,1400,127195,MERCEDES-B,C250W,2014,,1.3,Y
20240516,11600,57052,KIA,OPTIMA,2020,,2.5,Y
20240521,2100,261657,TOYOTA,CAMRY 4C,2016,,1.3,Y
20240523,7000,103504,TOYOTA,YARIS IA,2017,,2.5,Y
20240528,1400,118741,KIA,SOUL,2016,,1.3,Y
20240530,11250,74735,NISSAN,ROGUE FWD,2018,,3.2,Y
20240604,5000,118004,NISSAN,ROGUE,2017,,3.9,Y
20240606,2600,209658,BMW,528I,2015,,2.8,Y
20240612,3000,93464,MAZDA,MAZDA2,2011,,3,Y
20240618,6400,145714,DODGE,CHARGER 4X2 V6,2018,,2.1,Y
20240620,2300,113569,DODGE,JOURNEY,2016,,1.3,Y
20240625,1200,170034,VOLKSWAGEN,TIGUAN,2014,,1.9,Y
20240628,1400,146156,NISSAN,ALTIMA,2016,,2,Y
20240522,1900,89414,KIA,SOUL,2016,,0,N
20240430,4600,112002,FORD,EXPEDITION 4X2,2012,,1.8,Y
20240614,9000,129019,GMC,TERRAIN,2019,,2.7,Y
20240523,4750,99156,HYUNDAI,SONATA,2013,,3.5,Y
20240524,7600,86905,CHEVROLET,MALIBU,2018,,1.3,Y
20240605,6000,113672,FORD,FUSION FWD V6,2011,,4.1,Y
20240530,5000,198863,GMC TRUCK,SR 1500 4X4 CR,2012,,1.8,Y
20240611,1250,149220,NISSAN,JUKE FWD,2013,,1,N
20240112,2200,101460,CHEVROLET,CRUZE,2014,,2.5,Y
20240104,13250,67416,TOYOTA,PRIUS FWD,2019,,2.1,Y
20240215,9400,98524,CHEVROLET,EQUINOX FWD 4C,2019,,2.6,Y
20240109,18600,86577,CHEVROLET,1500 LD 4X2 DB,2019,,3.5,Y
20240111,8600,89468,CADILLAC,ATS 4X2 4C,2016,,3.1,Y
20240124,3100,170483,KIA,SORENTO,2014,,2.8,Y
20240130,6500,122919,FORD,EXPLORER FWD V6,2013,,3.6,Y
20240215,250,113637,NISSAN,SENTRA S,2019,,0,N
20240214,4000,138156,SUBARU,FORESTER,2014,,1.3,Y
20240312,2200,186809,KIA,SOUL,2013,,2.4,Y
20240312,1500,118069,TOYOTA,COROLLA L,2015,,0,N
20240321,6500,81541,MITSUBISHI,OUTLAND SPT FWD,2019,,2.1,Y
20240423,7000,102249,FORD,FUSION FWD 4C,2019,,2.8,Y
20240320,1900,162416,MAZDA,CX-5,2014,,0,N
20240409,500,139345,DODGE,DART,2014,,0,N
20240417,2100,125348,FORD,FUSION,2011,,2.7,Y
20240424,7400,133716,CHEVROLET,EQUINOX,2018,,1.9,Y
20240402,20000,85691,CHEVROLET,TRAVERSE,2020,,4.1,N
20240628,17600,116924,CHEVROLET,COLORADO,2020,,4.5,N
20240521,4900,320580,GMC,SAVANA 2500,2021,,1,N
20240520,11800,41526,CHEVROLET,COLORADO,2021,,0,N
20240530,9500,76818,CHEVROLET,SONIC,2020,,3,N
20240411,10000,41715,CHEVROLET,SONIC,2020,,3.1,N
20240419,73000,57424,CADILLAC,ESCALADE ESV,2022,,3.5,N
20240612,10600,112756,CHEVROLET,EQUINOX,2020,,4.3,N
20240529,17400,135049,FORD,F-150,2020,,2.9,N
20240814,8600,81507,DODGE,DURANGO AWD V8,2021,GRAY,,N
20240808,6900,94080,NISSAN,MAXIMA,2017,BLUE,,N
20240815,21600,128372,CHEVROLET,2500 SLV 4X4 CR,2018,WHITE,,N
20240829,18700,32986,CHEVROLET,EQUINOX FWD,2021,WHITE,,N
20240813,22600,62732,DODGE,CHARGER 4X2 V8,2019,RED,,N
20240830,22700,18555,CHEVROLET,EQUINOX,2023,BLACK,,N
20240829,17600,118852,CHEVROLET,1500 SLV 4X2 CR,2021,GRAY,,N
20240828,18100,36632,CHEVROLET,EQUINOX FWD,2021,BLUE,,N
20240724,900,78639,NISSAN,ROGUE,2016,BLUE,,N
20240711,17500,42753,HYUNDAI,SANTA FE XL AWD,2019,BLACK,,N
20240718,13250,12129,CHEVROLET,BOLT EV,2018,GRAY,,N
20240703,17250,17695,BUICK,ENVISION,2023,GRAY,,N
20240710,6000,25500,CHEVROLET,TRAX FWD,2019,GRAY,,N
20240717,5900,76475,BUICK,ENCORE FWD,2019,WHITE,,N
20240723,3000,103733,NISSAN,ROGUE AWD,2018,GRAY,,N
20240717,33250,44629,BMW,M4 CPE,2015,BLACK,,N
20240802,22000,31511,CHEVROLET,BLAZER FWD 4C,2021,SILVER,,N
20240730,19800,23447,CHEVROLET,EQUINOX FWD,2021,BLACK,,N
20240926,3600,96798,HYUNDAI,ELANTRA,2020,WHITE,,N
20240925,27600,34013,JEEP,GRAND CHEROKEE,2020,MAROON,,N
20240919,10100,119803,CHEVROLET,TRAVERSE FWD,2018,BLACK,,N
20240918,24400,12375,CHEVROLET,EQUINOX,2024,BLUE,,N
20240913,25500,27796,CHEVROLET,TRAVERSE,2022,SILVER,,N
20240911,9600,60082,BUICK,ENCORE FWD,2019,BLACK,,N
20240906,33000,38068,CADILLAC,XT6 AWD V6,2021,WHITE,,N
20240904,16500,81134,CHEVROLET,TRAVERSE FWD V6,2019,BLACK,,N
20240801,2000,160031,MITSUBISHI,OUTLANDER SPORT,2014,,1.7,Y
20240708,1800,114509,MERCEDES-BENZ,E 350,2012,,3.1,N
20240521,7000,70574,NISSAN,SENTRA,2019,,2.1,Y
20240703,5750,117528,RAM,1500 4X4 CR,2018,,0,N
20240124,1800,130838,HYUNDAI,Sonata,2017,White,,N
20240802,4200,79334,HYUNDAI,Santa Fe,2013,GREY,,N
20240214,8200,91158,MAZDA,CX-5,2018,Red,,N
20240906,1700,212159,CHEVROLET,Malibu,2018,Silver,,N
20240613,3300,999999,HONDA,Civic,2014,White,,N
20240206,7800,40849,NISSAN,Versa,2020,White,,N
20240918,12400,105605,CHEVROLET,SILVERADO 1500,2011,,3.2,Y
20240903,8600,104957,JAGUAR,XJ 4X2 V6,2016,,3.6,Y
20240926,4700,121929,DODGE,DURANGO GT,2019,,1.4,Y
20240924,15200,79669,NISSAN,ALTIMA AWD 4C,2021,,4.2,Y
20240516,13400,116075,TOYOTA,RAV4,2017,,3,Y
20240502,16500,9109,KIA,FORTE,2023,,4.3,Y
20240416,3200,117625,BUICK,ENCORE,2016,,2.2,Y
20241018,1250,158622,NISSAN,SENTRA,2017,,2.2,Y
20240821,6600,120846,CHRYSLER,200,2017,,2.3,Y
20241009,12000,117887,DODGE,CHARGER,2018,,1.6,Y
20240418,14400,44573,HYUNDAI,VENUE,2021,,3,Y
20240614,4400,52996,DODGE,JOURNEY,2019,,0,N
20240125,3800,115402,NISSAN,VERSA SEDAN,2019,,2.9,Y
20240523,25800,9307,KIA,SPORTAGE AWD 4C,2023,,4.2,Y
20240506,750,97693,BUICK,VERANO PRE,2016,,1,N
20240320,2200,201539,BUICK,ENCLAVE,2013,,2.3,Y
20240710,15000,46747,HYUNDAI,SONATA,2019,,3.5,Y
20240919,9400,111032,FORD,EXPLORER 4X4 V6,2016,,2.1,Y
20240213,12200,91111,NISSAN,ROGUE,2019,,3.1,Y
20240702,6000,114840,KIA,SOUL,2016,,3,Y
20240709,9750,83787,NISSAN,ROGUE FWD,2018,,4,Y
20240712,2900,267109,CHEVROLET,SILVERADO 1500,2013,,1.7,Y
20240717,6600,147582,DODGE,CHALLENGER,2016,,3.9,Y
20240722,700,210754,CHEVROLET,EQUINOX AWD V6,2012,,1.4,Y
20240724,2600,170628,HONDA,CR V FWD,2008,,2.4,Y
20240730,1400,117171,FORD,FOCUS,2014,,2.1,Y
20240731,2100,128039,FORD,FUSION,2018,,1,Y
20240802,6700,179381,RAM,1500 4X2 CR,2016,,1.3,Y
20240807,5400,104919,CHEVROLET,CRUZE LIMITED,2016,,3.6,Y
20240808,1900,181754,TOYOTA,TUNDRA,2007,,2,Y
20240813,4700,95895,CHEVROLET,EQUINOX FWD 4C,2017,,1.3,Y
20240815,3000,131678,FORD,ESCAPE,2016,,3.1,Y
20240820,1100,190029,DODGE,DURANGO 4X2 V6,2013,,1.3,Y
20240821,700,249566,HONDA,ACCORD,2008,,2.6,Y
20240823,12400,70635,NISSAN,ROGUE,2023,,4.4,Y
20240827,5600,119722,KIA,SOUL,2018,,2.7,Y
20240829,1300,169166,MITSUBISHI,LANCER,2017,,2.5,Y
20240904,5100,101108,FORD,ESCAPE,2015,,4.5,Y
20240905,7100,63689,HYUNDAI,GENESIS V6,2013,,3,Y
20240910,2200,173808,BMW,X5,2012,,1.2,Y
20240912,5000,126644,NISSAN,SENTRA,2017,,3,Y
20240917,8750,83106,KIA,OPTIMA,2017,,3.5,Y
20240919,6800,137090,ACURA,MDX,2013,,3.9,Y
20240924,2400,140525,GMC,TERRAIN FWD 4C,2012,,2.4,Y
20240926,900,179217,NISSAN,ALTIMA,2012,,2.7,Y
20241001,4750,110794,NISSAN,SENTRA,2019,,2.8,Y
20241003,9800,119989,TOYOTA,COROLLA,2017,,4.5,Y
20241008,1500,168615,NISSAN,ALTIMA 4C,2014,,2.8,Y
20241010,2500,147327,FORD,EXPLORER,2010,,3,Y
20241015,2400,142010,CHEVROLET,EQUINOX,2013,,3.7,Y
20241017,12000,117266,CHEVROLET,CORVETTE,2009,,3.2,Y
20241022,6000,358765,FORD,F-250,2011,,3.9,Y
20241023,10300,185922,CHEVROLET,SILVERADO 1500,2016,,2.5,Y
20241025,4200,55348,MERCEDES-BENZ,SL-CLASS,2003,,2.7,Y
20241030,4300,128617,MITSUBISHI,RAIDER,2006,,2.1,Y
20241031,7000,124999,NISSAN,ROGUE FWD 4C,2020,,3.9,Y
20241210,1600,106497,CHEVROLET,EQUINOX AWD 4C,2017,SILVER,,N
20241119,42250,14263,GMC,SIERA 15 4X4 CR,2023,BLACK,,N
20241127,29600,5540,BUICK,ENVISION AWD,2023,WHITE,,N
20241129,6000,83436,DODGE,GRAND CARAVAN,2019,WHITE,,N
20241218,18000,66606,CHEVROLET,TRAVERSE,2019,RED,,N
20241120,10400,60861,INFINITI,Q50 AWD V6,2018,BLACK,,N
20241204,45000,23162,CHEVROLET,1500 SLV 4X4 CR,2023,BLUE,,N
20241204,21100,26111,BUICK,ENVISION,2021,RED,,N
20241205,20500,26344,CHEVROLET,EQUINOX AWD,2022,GRAY,,N
20241227,1500,161257,JEEP,CHEROKEE,2014,BLACK,,N
20241227,23200,37796,BUICK,ENCLAVE AWD,2021,BLACK,,N
20241024,2200,151312,CHEVROLET,TRAVERSE,2014,BLUE,,N
20241025,33200,29107,CADILLAC,XT6 AWD V6,2022,WHITE,,N
20241002,22800,21951,CHEVROLET,BLAZER FWD 4C,2022,BLUE,,N
20241002,18700,24542,CHEVROLET,EQUINOX,2021,SILVER,,N
20241015,64500,67,CHEVROLET,CORVETTE,2023,BLACK,,N
20241004,20000,13141,CHEVROLET,EQUINOX FWD,2022,WHITE,,N
20241015,13000,75587,CHEVROLET,EQUINOX AWD,2021,BLACK,,N
20241114,14600,88581,DODGE,DURANGO AWD V6,2017,RED,,N
20241106,22700,68970,HONDA,CR V AWD 4C,2021,WHITE,,N
20241017,8300,115523,CHEVROLET,TRAILBLZ FWD 3C,2022,BLUE,,N
20241025,25400,45531,GMC,SIERA 15 4X4 DB,2021,WHITE,,N
20241022,19600,20182,CHEVROLET,EQUINOX FWD,2022,WHITE,,N
20241101,18500,28242,CHEVROLET,EQUINOX AWD,2021,WHITE,,N
20241106,17400,18469,CHEVROLET,MALIBU,2024,WHITE,,N
20240703,8000,82473,CHEVROLET,SONIC,2020,,3.5,N
20240716,11000,34230,CHEVROLET,SONIC,2020,,3.1,N
20240724,23700,23075,SUBARU,FORESTER,2022,,4.7,N
20240731,19000,52503,CHEVROLET,EQUINOX,2020,,4.5,N
20240809,15000,93939,FORD,F-250,2019,,3,N
20240819,14000,30331,NISSAN,KICKS,2022,,3.7,N
20240828,6000,87618,FORD,F-150,2018,,2.3,N
20240910,9250,73263,CHEVROLET,SONIC,2020,,3.6,N
20240919,19000,28585,CHEVROLET,COLORADO,2022,,3.5,N
20240930,8200,138754,FORD,TRANSIT-150,2016,,1.9,N
20241009,6800,241476,CHEVROLET,EXPRESS 2500,2022,,1.3,N
20241022,14400,48241,FORD,ESCAPE,2022,,4.2,N
20241101,9500,94127,CHEVROLET,COLORADO,2019,,2.9,N
20241112,8700,0,CHEVROLET,EQUINOX,2023,,1.4,N
20241121,1000,172291,CHEVROLET,SONIC,2015,,1.7,N
20241204,7000,93984,FORD,EDGE,2018,,3.9,N
20241216,7200,118241,FORD,TRANSIT CONNECT,2022,,1.8,N
20241210,8100,52524,CHEVROLET,,2023,,0.6,N
20240227,32500,21236,CADILLAC,,2022,,4.3,N
20230713,3850,97050,CHRYSLER,,2019,,1.1,N
20230224,45750,113473,FORD,,2019,,2,N
20240627,2400,174747,CHEVROLET,,2016,,2.5,N
20240214,33800,51429,FORD,,2021,,4.1,N
20240130,17600,57491,CHEVROLET,,2022,,4.8,N
20230713,25000,71140,TOYOTA,,2018,,4.1,N
20230822,9500,189141,FORD,,2016,,4.3,N
20230425,26000,109589,FORD,,2019,,3.8,N
20241113,10500,167851,GMC,,2019,,3.4,N
20230328,30500,86817,CHEVROLET,,2020,,3.3,N
20241023,18400,47311,CHEVROLET,,2022,,3.7,N
20231219,11000,98490,NISSAN,,2020,,4,N
20240530,14200,63488,CHEVROLET,,2022,,4.2,N
20231018,25750,66292,SUBARU,,2021,,2.8,N
20240503,19400,52175,TOYOTA,,2017,,3.4,N
20230120,15250,127486,FORD,,2016,,2.7,N
20240528,15200,50842,CHEVROLET,,2021,,4.3,N
20230926,17750,80239,TOYOTA,,2019,,4.1,N
20230718,9750,97679,JEEP,,2018,,3.1,N
20230201,16500,68253,CHEVROLET,,2019,,4.7,N
20240823,15400,89338,CHEVROLET,,2020,,2.6,N
20230131,8000,134838,JEEP,,2018,,4,N
20240702,17000,101050,SUBARU,,2021,,4.5,N
20240612,10400,84344,HYUNDAI,,2019,,4.7,N
20240710,21000,58499,TOYOTA,,2021,,4.5,N
20231205,15250,103035,TOYOTA,,2018,,4.5,N
20241205,15600,83054,TOYOTA,,2020,,3.6,N
20240612,16000,132021,FORD,,2020,,3.6,N
20230929,16400,47477,CHEVROLET,,2021,,4.4,N
20240828,15300,159844,FORD,,2017,,3.2,N
20240312,13250,190546,GMC,,2018,,2.3,N
20240110,24800,11886,TOYOTA,,2020,,3.2,N
20240305,5000,137503,FORD,,2016,,3.1,N
20230628,24600,30297,NISSAN,,2020,,4.5,N
20230510,19300,61890,SUBARU,,2018,,3.9,N
20230606,14200,99085,FORD,,2018,,4,N
20241225,12800,44372,FORD,,2021,,2.6,N
20230613,11250,104192,SUBARU,,2018,,2.8,N
20240604,1500,359119,TOYOTA,,2004,,1.1,N
20240815,10200,69256,HYUNDAI,,2019,,3.6,N
20240731,31400,19994,BMW,,2021,,4.1,N
20240924,27600,91648,RAM,,2021,,4.5,N
20240626,4550,152712,FORD,,2020,,2.4,N
20230420,18500,162992,FORD,,2015,,4.3,N
20240926,4600,191301,FORD,,2015,,2.9,N
20231003,20750,198864,CHEVROLET,,2019,,3.7,N
20240917,6100,135983,TOYOTA,,2016,,2.8,N
20231114,16000,59254,CHEVROLET,,2019,,4.4,N
20241101,9200,72577,CHEVROLET,,2020,,2,N
20240625,16800,64417,NISSAN,,2021,,4.3,N
20230621,20600,67229,MAZDA,,2020,,4.2,N
20230509,15100,111913,CHEVROLET,,2019,,4.2,N
20240521,16750,88023,VOLVO,,2021,,4.4,N
20230426,26750,36979,VOLVO,,2019,,4.1,N
20230404,4500,210015,CHEVROLET,,2012,,2,N
20230524,18100,56679,CHEVROLET,,2019,,4.3,N
20240522,13900,86184,CHEVROLET,,2020,,4.5,N
20230830,16250,100133,CHEVROLET,,2020,,2.8,N
20240329,15500,86387,SUBARU,,2020,,2.5,N
20230301,13900,125575,NISSAN,,2020,,4.3,N
20240702,11250,64203,JEEP,,2018,,2.7,N
20240621,14000,60674,FORD,,2020,,2.7,N
20240325,13300,86146,FORD,,2019,,3.3,N
20230530,25750,44025,TOYOTA,,2020,,4.4,N
20240910,16400,56442,CHEVROLET,,2020,,4.6,N
20240507,14000,56896,CHEVROLET,,2020,,3.8,N
20240619,9600,122143,CHEVROLET,,2020,,3.4,N
20240925,3800,185030,FORD,,2013,,1.3,N
20240501,13900,66001,CHEVROLET,,2021,,2.3,N
20230614,15000,98232,CHRYSLER,,2019,,2.4,N
20240522,15600,93564,SUBARU,,2020,,3.8,N
20231205,9500,111172,FORD,,2018,,4.5,N
20241113,18500,44468,CHEVROLET,,2022,,4.5,N
20240105,15000,79215,TOYOTA,,2021,,4,N
20240502,12500,149651,FORD,,2020,,3.7,N
20240522,10500,155845,TOYOTA,,2018,,3.8,N
20240131,24600,26613,SUBARU,,2020,,4.6,N
20240321,19500,142039,FORD,,2018,,3.3,N
20231128,21000,69471,SUBARU,,2020,,3.7,N
20240508,9800,102810,RAM,,2019,,2.7,N
20240917,20250,109927,TOYOTA,,2020,,4.4,N
20240611,14750,34939,CHEVROLET,,2020,,3.6,N
20231212,9800,155029,TOYOTA,,2018,,3.6,N
20230310,11000,182603,FORD,,2015,,4,N
20240307,12600,133724,NISSAN,,2021,,4,N
20230606,12000,38372,VOLKSWAGEN,,2015,,3.9,N
20230207,19000,75506,SUBARU,,2020,,3.5,N
20230927,26600,11364,SUBARU,,2022,,4.8,N
20230224,14600,60541,FORD,,2018,,4,N
20240430,25400,55425,CHEVROLET,,2019,,4.1,N
20241108,15600,43084,CHEVROLET,,2022,,4.8,N
20240502,14000,97421,NISSAN,,2020,,4.1,N
20231129,19700,77448,SUBARU,,2020,,3.9,N
20241009,8800,105623,FORD,,2017,,1.7,N
20240109,16400,58188,MERCEDES,,2018,,2.3,N
20240611,11000,75271,CHRYSLER,,2020,,1.9,N
20231107,27800,39196,SUBARU,,2022,,4,N
20241024,12500,105103,FORD,,2021,,1.3,N
20230110,23700,45870,NISSAN,,2020,,4.2,N
20240724,17500,63873,CHRYSLER,,2021,,3.7,N
20230606,16500,112315,SUBARU,,2019,,3.4,N
20231218,22100,101921,FORD,,2020,,4.1,N
20230613,24200,76936,VOLVO,,2020,,4.5,N
20240530,23800,25567,NISSAN,,2020,,4.1,N
20240111,15100,131094,FORD,,2019,,3.5,N
20240206,19250,55644,SUBARU,,2019,,4,N
20241106,26100,86560,CHEVROLET,,2021,,4.6,N
20230413,28900,36634,NISSAN,,2019,,4.4,N
20230314,15250,54980,CHEVROLET,,2019,,2.9,N
20240627,20200,16713,CHEVROLET,,2023,,4.9,N
20230518,750,114848,CHEVROLET,,2004,,1.3,N
20240809,23800,74847,TOYOTA,,2021,,4.4,N
20240201,23500,61440,SUBARU,,2022,,3.9,N
20231115,18600,73687,GMC,,2019,,3.5,N
20241017,31400,55147,FORD,,2022,,4,N
20231107,19400,101585,TOYOTA,,2020,,3.7,N
20231102,18600,60239,NISSAN,,2021,,4.4,N
20241016,15500,85687,GMC,,2019,,4.2,N
20231004,15100,98065,FORD,,2019,,2.3,N
20230302,13800,99586,CHEVROLET,,2018,,4.6,N
20230406,14200,101566,CHEVROLET,,2019,,4.1,N
20241023,31600,29489,TOYOTA,,2020,,3.6,N
20231219,9500,27633,TOYOTA,,2022,,1.9,N
20240509,18600,87065,SUBARU,,2021,,3.2,N
20231019,30750,147435,FORD,,2019,,3,N
20230323,22100,82443,TOYOTA,,2019,,4.1,N
20241004,275,64134,CHEVROLET,,1996,,,N
20230426,28500,24354,RAM,,2021,,1.3,N
20240611,9000,159997,CHEVROLET,,2017,,3,N
20231214,5300,172259,CHEVROLET,,2012,,2.9,N
20230331,13325,93134,FORD,,2020,,,N
20230920,6000,104557,RAM,,2012,,,N
20240118,33500,18668,DODGETRUCK,Durango AWD,2021,DK. GARNET RED PEARL COAT,,N
20240308,29900,23519,DODGETRUCK,Durango AWD,2021,Granite Crystal Met. Clear Coat,,N
20240411,32200,44307,JEEP,Wrangler Unlimited 4WD,2020,Bright White Clear Coat,,N
20240604,24800,47416,JEEP,Grand Cherokee 4WD,2021,BROWN,,N
20240725,35600,33332,RAM,1500 4WD,2022,BLUE,,N
20240824,38700,35306,RAM,1500 4WD,2021,DIAMOND BLACK CRYSTAL P/C,,N
20241015,32700,46276,RAM,1500 4WD,2021,TANK CLE,,N
20241212,30300,24527,JEEP,Wrangler Unlimited 4WD,2021,UNKNOWN,,N
20240828,28000,90452,CHEVROLET,SUBURBAN,2022,,1.3,N
20241218,6700,123137,HYUNDAI,KONA,2018,,2.8,N
20240214,3200,172567,NISSAN,ALTIMA,2014,,3.2,N
20240807,16800,122460,TOYOTA,RAV4,2020,,4.4,N
20240321,6300,123521,CHEVROLET,MALIBU,2013,,3.5,N
20240516,13900,24297,NISSAN,VERSA,2021,,4,N
20241017,7300,91015,DODGE,JOURNEY,2018,,3.6,N
20240411,12900,94848,JEEP,CHEROKEE,2019,,3.6,N
20240829,3300,128674,NISSAN,ALTIMA,2019,,1.3,N
20240712,1600,153685,BUICK,ENCLAVE,2012,,2.5,N
20240510,6600,134745,HYUNDAI,SANTA FE SPORT,2017,,3,N
20240112,17000,3355,NISSAN,SENTRA,2023,,4.6,N
20240521,18500,80305,CHRYSLER,PACIFICA,2021,,4.1,N
20241217,18700,57367,INFINITI,QX60,2020,,4,N
20240625,7400,90068,NISSAN,ROGUE SPORT,2019,,1.9,N
20240430,15100,44026,FORD,ECOSPORT,2022,,4.3,N
20240903,5600,107757,HYUNDAI,SONATA,2018,,1.3,N
20240102,6700,53584,NISSAN,ALTIMA,2016,,1.4,N
20240116,11100,65223,BMW,228I,2016,,3.4,N
20240528,6500,80773,HONDA,CIVIC,2016,,1.3,N
20240507,9100,84073,NISSAN,ALTIMA,2019,,2.8,N
20240709,17700,105628,CHEVROLET,SILVERADO 1500,2016,,4.4,N
20240702,6400,101873,NISSAN,ALTIMA,2017,,2.4,N
20240712,16200,29015,HONDA,CR-V,2022,,1.4,N
20240308,14600,64926,TOYOTA,CAMRY,2015,,4.3,N
20240913,2500,123938,DODGE,GRAND CARAVAN,2013,,2.7,N
20240216,14000,20487,HYUNDAI,ELANTRA,2020,,4.5,N
20241004,11250,76766,MERCEDES-BENZ,CLA 250,2018,,2.6,N
20240927,14750,26845,NISSAN,SENTRA,2023,,3.3,N
20240620,13200,78668,GMC,ACADIA,2018,,2.3,N
20240131,2600,95295,CHRYSLER,200,2016,,1.4,N
20240529,12000,30794,KIA,OPTIMA,2020,,1.7,N
20240326,2800,100461,CHEVROLET,EQUINOX,2015,,2,N
20241119,3000,124764,SUBARU,IMPREZA,2018,,1.3,N
20241105,16500,54298,KIA,SPORTAGE,2020,,4.5,N
20240903,7900,120663,HYUNDAI,TUCSON,2017,,4.3,N
20240131,15600,73000,HONDA,CR-V,2018,,1.3,N
20240122,8300,116100,CHEVROLET,CAMARO,2015,,4.2,N
20240812,13200,117777,FORD,F-150,2015,,2.4,N
20241021,14000,42367,HYUNDAI,TUCSON,2020,,4.6,N
20240422,7600,74089,MITSUBISHI,MIRAGE,2020,,3.9,N
20240415,3200,197486,TOYOTA,CAMRY,2016,,2.2,N
20240924,3400,144624,CHEVROLET,MALIBU,2015,,2.6,N
20240130,8500,134989,HYUNDAI,KONA,2018,,3.6,N
20240326,7200,51106,SCION,FR-S,2013,,1.7,N
20241218,4000,99082,HYUNDAI,SONATA HYBRID,2014,,2,N
20240717,5800,30219,FOUR WINDS,DUTCHMEN EXPRESS 28A,2007,,1,N
20240613,13500,93135,HONDA,CR-V,2017,,2.3,N
20241031,19200,8072,MITSUBISHI,OUTLANDER SPORT,2023,,4.9,N
20240314,2000,123046,DODGE,CHALLENGER,2014,,1,N
20240124,7250,131392,CHEVROLET,COLORADO,2015,,3,N
20240612,12750,64495,JEEP,RENEGADE,2019,,4,N
20240802,4700,197970,CHEVROLET,IMPALA,2015,,1.5,N
20240906,500,111416,NISSAN,SENTRA,2019,,1.1,N
20240509,10800,76625,FORD,ESCAPE 4X4 4C,2019,,3.7,N
20240411,3300,90969,KIA,FORTE,2019,,1.6,N
20240229,20400,22096,NISSAN,KICKS,2022,,4.5,N
20241003,4050,113270,DODGE,CHARGER SX,2019,,0.6,N
20240815,12200,41105,HONDA,CIVIC LX,2019,,1.8,N
20240711,6200,124953,DODGE,GRAND CARAVAN,2015,,1.9,N
20240718,3000,93056,NISSAN,ALTIMA,2016,,2.1,N
20240910,4700,116794,CHEVROLET,MALIBU,2018,,1.5,N
20240123,22800,20211,HONDA,CIVIC,2023,,4.9,N
20240402,19800,2972,MAZDA,CX-30,2023,,4.8,N
20240416,3700,112454,NISSAN,SENTRA,2018,,2.5,N
20241211,47000,107327,CADILLAC,ESCAL ESV 4X2V8,2021,,3.5,N
20241211,10450,118284,FORD,EXPLORER FWD V6,2019,,2.6,N
20240717,4400,95720,HYUNDAI,SONATA,2018,,1,N
20240320,40000,49313,LANDROVER,RANGE R SPT 6C,2021,,3.1,N
20241230,6600,102002,NISSAN,ROGUE AWD 4C,2019,,2,N
20241009,17600,53134,TOYOTA,COROLLA FWD 4C,2023,,3.8,N
20240220,4100,113520,JEEP,CHEROKEE 4X4 V6,2016,,1.3,N
20240117,33500,20683,CHEVROLET,CAMARO V8,2022,,3.6,N
20240123,15800,130054,FORD,F150 4X2 CR,2015,,3,N
20240723,3200,174777,INFINITI,QX80 4X2,2014,,1.5,N
20240320,8250,118715,NISSAN,ALTIMA 4C,2018,,2.2,N
20240522,17500,142844,TOYOTA,TUNDRA 4X2 CR,2018,,2.6,N
20241107,4000,121308,NISSAN,SENTRA,2019,,2.7,N
20240307,7000,186129,FORD,EDGE FWD SUV,2015,,3.6,N
20240509,500,150089,KIA,OPTIMA,2014,,2,N
20240104,8500,119825,TOYOTA,CAMRY 4C,2016,,2.4,N
20240227,12000,70224,DODGE,CHARGER 4X2 V8,2014,,2.4,N
20241217,9800,71448,KIA,FORTE,2021,,2.8,N
20240220,5500,99867,NISSAN,SENTRA,2017,,2.6,N
20240125,11800,94284,CHEVROLET,COLORADO 4X2 EX,2018,,4.2,N
20240718,3300,80577,FORD,FOCUS FWD 4C,2018,,1.9,N
20241205,4700,142489,LAND ROVER,RANGE R SPT V6,2015,,2.6,N
20240522,1500,132225,CHEVROLET,CRUZE,2017,,0,N
20241016,12300,193583,TOYOTA,HIGHLNDR AWD V6,2019,,2.1,N
20240125,9700,161632,FORD,F150 4X2 CR,2017,,2.5,N
20240307,9100,102403,KIA,SPORTAGE AWD 4C,2020,,3.2,N
20240208,13600,69326,TOYOTA,COROLLA,2020,,2.9,N
20240213,8600,138946,DODGE,CHALLENGER V6,2016,,2,N
20240625,11200,71559,HYUNDAI,SANTA SP FWD 4C,2017,,3.7,N
20241029,14800,8101,MITSUBISHI,MIRAGE G4,2024,,4.7,N
20241105,22400,48108,TOYOTA,CAMRY FWD 4C,2023,,4.3,N
20240110,5300,124040,HYUNDAI,TUCSON AWD 4C,2017,,2,N
20240115,4500,177248,ACURA,RLX FWD,2014,,2.1,N
20240415,8400,83717,CHEVROLET,TRAX AWD,2020,,2.9,N
20241028,13100,105890,FORD,RANGER 4X2 CR,2019,,2.4,N
20240624,3000,122431,JEEP,CHEROKEE FWD V6,2016,,2.9,N
20241104,6000,101311,MERCEDES B,C300W,2017,,3,N
20241202,12250,75737,NISSAN,ROGUE FWD 4C,2019,,3.7,N
20240325,7000,121519,VOLKSWAGEN,TIGUAN FWD,2019,,3.9,N
20240312,14700,57971,FORD,ECOSPORT 4X4 4C,2020,,3.9,N
20241008,7300,63345,JEEP,RENEGADE 4X4 4C,2021,,1.8,N
20240806,7800,113935,TOYOTA,CAMRY 4C,2017,,1.9,N
20240201,28000,39863,GMC TRUCK,G2500 CARGO V8,2020,,3.1,N
20240411,9400,99081,MERCEDES,C300W,2018,,1.3,N
20241010,5300,96878,VOLKSWAGEN,JETTA,2017,,2.3,N
20240116,13600,58108,MAZDA,MAZDA3 FWD 4C,2019,,3.5,N
20240229,8600,90563,CHEVROLET,TRAX AWD,2018,,2.3,N
20240613,18000,8774,MITSUBISHI,OUTLAND SPT,2024,,4.6,N
20241127,12000,72361,CHEVROLET,EQUINOX AWD,2021,,3.3,N
20240828,11250,88505,FORD,F150 4X2 RG,2016,,3.2,N
20240131,900,114959,KIA,OPTIMA,2015,,1.3,N
20240605,5800,107431,NISSAN,ROGUE SPORT FWD,2018,,1.7,N
20240215,2700,105791,CHEVROLET,TRAVERSE FWD,2012,,2.8,N
20240123,750,138516,KIA,FORTE,2017,,1,N
20241127,15250,21974,NISSAN,SENTRA,2023,,2.8,N
20240822,27400,87701,CHEVROLET,1500 SLV 4X4 CR,2018,,4.8,N
20240328,8200,147527,FORD,EXPLORER FWD V6,2016,,3.5,N
20240229,7000,46856,HYUNDAI,TUCSON FWD 4C,2019,,2.1,N
20240321,22200,44999,MITSUBISHI,OUTLAND 4X4,2022,,4.2,N
20241114,6200,110774,TOYOTA,CAMRY 4C,2013,,2.5,N
20240513,11400,21312,HONDA,CIVIC,2020,,2.3,N
20241213,17300,52343,CHEVROLET,EQUINOX FWD,2021,,4.8,N
20241108,12000,15305,MITSUBISHI,MIRAGE,2024,,4.2,N
20240120,23500,50016,DODGE,DURANGO,2021,,3.6,N
20241016,15250,80751,CHRYSLER,VOYAGER,2020,,4.3,N
20240314,18900,51243,DODGE,CHALLENGER,2021,,3.6,N
20240308,16900,39374,DODGE,DURANGO,2020,,2.1,N
20240702,12300,68518,DODGE,CHARGER,2018,,2.1,N
20241029,14100,6614,JEEP,CHEROKEE,2022,,2.1,N
20240702,13100,105479,JEEP,WRANGLER,2014,,3.4,N
20240827,34600,46222,RAM,1500,2022,,4.1,N
20240809,12250,57208,JEEP,CHEROKEE,2017,,4.1,N
20241030,10000,66878,DODGE,JOURNEY,2018,,3.5,N
20241112,13200,27116,JEEP,RENEGADE,2020,,3.3,N
20240911,4300,92622,JEEP,COMPASS,2016,,2.4,N
20240102,6000,104541,NISSAN,ROGUE,2017,,2.3,N
20240903,7800,97225,NISSAN,TITAN,2017,,2.5,N
20240411,17000,34296,JEEP,CHEROKEE,2019,,3.7,N
20240703,7500,147359,DODGE,CHARGER,2016,,2.5,N
20240816,7300,117116,DODGE,GRAND CARAVAN,2017,,1.8,N
20240104,17200,14564,JEEP,WAGONEER S,2022,,0.6,N
20240711,7000,111420,JAGUAR,XJL,2017,,1.8,N
20240416,6300,76073,JEEP,PATRIOT FWD 4C,2017,,1.5,N
20240605,7800,113674,NISSAN,ALTIMA 4C,2015,,3.5,N
20241127,18250,62813,DODGE,CHALLENG 4X2 V6,2021,,3.8,N
20240103,6000,86509,JEEP,RENEGADE FWD 4C,2015,,3.7,N
20240328,17900,39649,JEEP,COMPASS 4X4,2019,,3.5,N
20241121,23200,4706,JEEP,RENEGADE,2023,,4.6,N
20241008,4100,155003,HYUNDAI,ACCENT,2020,,1.8,N
20241205,425,155942,DODGE,DART,2015,,1.1,N
20240912,17000,111293,RAM,1500 4X4 V8 QD,2019,,4.2,N
20240425,16800,35055,DODGE,CHALLENG 4X2 V6,2021,,1,N
20240806,21000,75974,CHEVROLET,COLORADO 4X4 CR,2021,,2.4,N
20240103,15000,121161,JEEP,WRANG UNLTD,2015,,3.5,N
20240703,13200,109909,SUBARU,CROSSTREK,2019,,4.4,N
20240408,31000,70219,JEEP,GLADIAT 4X4 CR,2020,,4.8,N
20241015,15600,105460,FORD,F150 4X4 CR,2017,,2.7,N
20240411,19800,128558,RAM,2500 4X4 6C CR,2019,,2,N
20240531,15000,73268,RAM,1500 4X4 V6 CR,2020,,1,N
20241120,22750,18006,JEEP,COMPASS,2024,,4.8,N
20240307,7500,144888,FORD,F-150,2013,,2.3,N
20240627,4200,133423,FORD,ESCAPE FWD 4C,2014,,2.8,N
20240801,17600,365364,RAM,3500 4X4 CR,2021,,3.3,N
20240321,31000,29170,JEEP,WRANGLER UNLIMITED,2021,,4.4,N
20240913,20000,73567,JEEP,GRAND CHEROKEE,2021,,3.9,N
20240924,24300,25564,JEEP,CHEROKEE,2022,,4.5,N
20241126,28600,9852,RAM,1500,2021,,4.5,N
20240510,22200,20889,JEEP,CHEROKEE,2021,,4.7,N
20241112,26000,36067,JEEP,WRANGLER 4XE,2021,,4.6,N
20240709,25400,40353,JEEP,GRAND CHEROKEE,2021,,4.6,N
20240828,34000,22330,DODGE,DURANGO,2022,,4.8,N
20240807,31800,34070,JEEP,WRANGLER 4XE,2021,,4.8,N
20241205,32000,12486,JEEP,GRAND CHEROKEE,2022,,4.2,N
20241017,21200,33085,JEEP,CHEROKEE 4X4 V6,2021,,4.6,N
20241205,27200,42299,JEEP,WRANGLER V6,2021,,4.3,N
20240501,31000,40661,JEEP,WRANGLER 4C,2021,,4.8,N
20240827,32500,27836,JEEP,GR CHERL 4X4 V6,2022,,4.3,N
20240220,40750,23037,RAM,1500 4X4 V8 CR,2022,,4.4,N
20240103,22250,34384,JEEP,GR CHERO 4X4 V6,2020,,3.5,N
20240717,20250,78817,RAM,1500 4X4 V6 CR,2021,,2,N
20240919,21400,29654,JEEP,CHEROKEE 4X4 V6,2021,,3.3,N
20240808,21100,20591,JEEP,RENEGADE 4X4,2022,,4.7,N
20240221,32000,20469,JEEP,WRANGLER 4XE 4C,2021,,,N
20240314,32400,20111,RAM,1500 4X4 V8 QD,2022,,4.4,N
20240221,37000,37077,DODGE,DURANGO AWD V8,2021,,3.7,N
20240916,32500,24679,JEEP,WRANGLER 4XE 4C,2021,,4.8,N
20240709,33500,30220,JEEP,WRANGLER 4XE 4C,2021,,4.7,N
20240220,24900,20433,JEEP,CHEROKEE 4X4 V6,2021,,4.2,N
20240417,18500,35186,JEEP,GR CHERO 4X2 V6,2020,,2.5,N
20240829,28800,43067,RAM,1500 4X2 V8 QD,2021,,4.5,N
20241227,1300,202845,FORD,FUSION,2014,,2.5,Y
20241220,5250,123517,TOYOTA,YARIS IA,2017,,2.5,Y
20241217,12400,80090,RAM,1500 CLASSIC,2019,,,Y
20241212,4400,112474,HONDA,ACCORD SDN,2013,,0.7,Y
20241210,3200,220664,CHEVROLET,TAHOE 4X2 V8,2011,,2,Y
20241205,10000,115957,CHEVROLET,SILVERADO 1500,2016,,3.2,Y
20241203,5000,78550,FORD,FIESTA,2017,,3.5,Y
20241127,1600,229736,NISSAN,MURANO FWD,2014,,3.5,Y
20241125,5100,163230,TOYOTA,AVALON V6,2018,,2.3,Y
20241120,2600,163100,NISSAN,ALTIMA,2017,,3.6,Y
20241119,3800,136560,KIA,SOUL,2016,,2.6,Y
20241114,7250,112604,HYUNDAI,GENESIS V6,2013,,3.1,Y
20241112,4800,137694,KIA,OPTIMA,2018,,3,Y
20241107,4500,133417,LEXUS,ES 350,2011,,2.6,Y
20241105,8000,71560,GMC,TERRAIN,2018,,4,Y
20240717,15000,,KEYSTONE RV,2016 M-312 BH,2016,,2.5,N
20240320,56000,13097,GMC,YUKON XL 4WD,2023,,4.8,N
20240731,6600,75931,CHEVROLET,MALIBU,2017,,1.9,N
20240102,31500,23759,JEEP,GLADIATOR 4WD V6,2021,,4.9,N
20240215,29800,18654,HONDA,ODYSSEY,2022,,2.3,N
20240403,38250,23744,JEEP,GLADIATOR 4WD V6,2020,,4.6,N
20240515,27700,18970,HONDA,PASSPORT AWD,2021,,4.1,N
20240626,22400,20591,JEEP,CHEROKEE 4WD V6,2021,,4.3,N
20240813,22750,23419,HONDA,PASSPORT,2020,,3.7,N
20241001,34500,33969,FORD,F-150 4WD V6,2021,,3.9,N
20241107,28000,27752,JEEP,G CHER LTD,2022,,3.4,N
20240523,17500,67552,TOYOTA,CAMRY,2021,,3.5,Y
20240208,13000,69311,FORD,ESCAPE,2020,,2.9,Y
20241203,13900,35155,KIA,FORTE,2023,,3.9,Y
20240903,16000,30243,KIA,SOUL,2023,,4.4,Y
20240320,17000,24720,KIA,SOUL,2023,,4.8,Y
20240828,18400,31526,CHEVROLET,CAMARO,2020,,3.1,Y
20240103,20600,39545,TOYOTA,CAMRY,2022,,4.3,Y
20240827,21750,39699,MAZDA,CX-5,2023,,4.3,Y
20240130,21400,15879,MAZDA,CX-30,2023,,4.7,Y
20240123,26500,31177,INFINITI,QX50,2022,,4.1,Y
20241217,35000,26853,FORD,EXPLORER,2024,,4.6,Y
20240207,12400,105283,JEEP,COMPASS,2021,,3.9,Y
20240214,15000,77462,JEEP,CHEROKEE,2019,,4.4,Y
20240911,20000,46463,DODGE,CHARGER,2023,,3.6,Y
20241113,22000,22688,TOYOTA,CAMRY,2024,,4.6,Y
20241113,27600,17302,TOYOTA,RAV4,2024,,4.5,Y
20240124,8400,98288,CHEVROLET,MALIBU,2020,,2.2,Y
20241031,11500,109734,TOYOTA,CAMRY 4C,2020,,2.5,Y
20240530,14250,92927,TOYOTA,CAMRY,2022,,2.8,Y
20240905,16000,26769,KIA,FORTE,2023,,4.2,Y
20240906,16700,39041,TOYOTA,COROLLA,2020,,3.4,Y
20240112,18500,15697,TOYOTA,COROLLA,2023,,4.2,Y
20241002,20000,20483,FORD,ESCAPE,2023,,4,Y
20240528,21500,43085,NISSAN,MURANO,2023,,4.5,Y
20240719,20800,47688,TOYOTA,RAV4,2021,,4.2,Y
20240508,25200,63771,FORD,BRONCO SPORT,2021,,4.2,Y
20240301,25200,15822,NISSAN,ALTIMA FWD 4C,2023,,4.6,Y
20240221,34200,16603,TOYOTA,4RUNNER,2023,,2.4,Y
20240208,35500,21959,TOYOTA,4RUNNER,2023,,3.2,Y
20241107,6100,106954,KIA,FORTE,2021,,2,Y
20240612,11200,108781,TOYOTA,COROLLA,2021,,2.3,Y
20240409,10400,89992,KIA,SOUL,2021,,3.5,Y
20240720,12700,101128,TOYOTA,COROLLA,2021,,3.3,Y
20240124,13250,51848,KIA,FORTE,2022,,2.8,Y
20240108,13100,66792,HYUNDAI,ELANTRA,2021,,3.2,Y
20241003,14400,84562,TOYOTA,COROLLA,2022,,3.1,Y
20240220,14000,43115,KIA,SOUL,2022,,4.1,Y
20240529,13750,45401,CHEVROLET,MALIBU,2022,,2.7,Y
20240117,14000,100054,MAZDA,CX-5 FWD 4C,2019,,4.3,Y
20241204,13900,53482,CHEVROLET,MALIBU,2022,,3.6,Y
20240604,15600,54698,HYUNDAI,SONATA,2020,,3.6,Y
20240603,15800,76951,CHEVROLET,BLAZER FWD V6,2019,,3.8,Y
20241120,17000,23849,HYUNDAI,ELANTRA,2024,,2.9,Y
20240821,16250,78032,CHRYSLER,300 4X2 V6,2021,,3.4,Y
20240123,16900,39115,KIA,SORENTO FWD V6,2020,,3.5,Y
20241217,16600,53691,DODGE,CHARGER 4X2 V6,2022,,2.8,Y
20240522,17200,54474,KIA,K5 FWD 4C,2022,,3.7,Y
20240118,18800,52595,CHEVROLET,CAMARO 4C,2020,,4,Y
20240214,19000,68237,CHRYSLER,PACIFICA FWD,2020,,3.6,Y
20240823,17500,40397,KIA,K5 FWD 4C,2022,,3.4,Y
20240522,18500,60534,HONDA,CR V FWD 4C,2019,,3.3,Y
20241023,19400,22544,TOYOTA,COROLLA FWD 4C,2024,,4.1,Y
20240529,19700,55913,SUBARU,OUTBACK 4C,2019,,4.3,Y
20240201,18700,31458,HONDA,HR-V AWD,2022,,3.6,Y
20240409,19900,73620,GMC TRUCK,ACADIA AWD V6,2019,,4.1,Y
20240116,21250,25988,TOYOTA,COROLLA CR FWD,2022,,4.1,Y
20240509,18800,15866,TOYOTA,COROLLA FWD 4C,2023,,4.7,Y
20240516,20400,66918,FORD,EDGE AWD SUV,2020,,3.7,Y
20240522,20100,15244,TOYOTA,COROLLA FWD 4C,2024,,4.4,Y
20240320,21000,24737,DODGE,CHALLENG 4X2 V6,2023,,3.5,Y
20241122,21800,38733,JEEP,CHEROKEE 4X4 V6,2022,,4,Y
20241217,21250,30828,TOYOTA,CAMRY FWD 4C,2023,,4,Y
20240207,23200,17701,MAZDA,CX-30,2023,,4.6,Y
20240524,22400,52021,HYUNDAI,PALISADE FWD,2021,,3.7,Y
20240905,22800,39156,CHRYSLER,PACIFICA FWD,2022,,3.1,Y
20240402,24500,22266,TOYOTA,CAMRY FWD 4C,2023,,4.1,Y
20241018,24600,61222,LEXUS,NX FWD 4C,2021,,4.3,Y
20240120,25900,45659,FORD,EXPLORER 4X2 4C,2022,,4,Y
20240423,25700,41882,MERCEDES,GLA250W4,2021,,4.2,Y
20240201,28300,47865,ACURA,MDX FWD V6,2020,,4.4,Y
20240308,27500,18494,CHEVROLET,TRAVERSE FWD,2023,,3.7,Y
20240612,32900,52336,CHEVROLET,1500 SLV 4X4 CR,2021,,2.4,Y
20241126,31000,20435,TOYOTA,RAV4 AWD,2024,,4,Y
20240227,37500,26857,JEEP,GLADIAT 4X4 CR,2023,,4.8,Y
20240117,36250,23004,TOYOTA,4RUNNER 4X4,2023,,4.1,Y
20240215,39300,16186,TOYOTA,SIENNA FWD,2023,,4.8,Y
20241010,45500,48557,FORD,EXPEDIT MAX 4X4,2022,,4.6,Y
20241002,1000,186709,CHEVROLET,TRAX,2015,,1.9,Y
20241008,5900,104480,JEEP,RENEGADE FWD 4C,2016,,3,Y
20241015,6500,128014,LAND ROVER,DISCOVERY SPORT,2016,,3.5,Y
20241022,1600,187706,FORD,EXPLORER FWD V6,2013,,0,N
20241029,15000,139076,CHEVROLET,TAHOE 4X2 V8,2020,,3.7,Y
20241101,7400,71238,KIA,SOUL,2017,,2.4,Y
20241107,8500,43137,KIA,SOUL,2018,,2.6,Y
20241114,15500,30261,VOLKSWAGEN,TAOS FWD,2022,,4.4,Y
20241121,8500,100034,LEXUS,ES 350,2013,,2.1,Y
20241127,5700,94760,JEEP,GRAND CHEROKEE,2014,,0,N
20241205,6400,108039,CHEVROLET,TRAX FWD,2017,,4,Y
20241212,700,149394,HONDA,ACRD X TOUR FWD,2010,,0,N
20241219,5750,71668,JEEP,GR CHERO 4X2 V6,2012,,4.3,Y
20241230,8200,113176,JAGUAR,F-PACE,2018,,4.2,Y
20250108,3500,154105,HYUNDAI,SONATA LTD,2011,,2.4,Y
20250114,600,153871,CHEVROLET,SONIC,2012,,1.3,Y
20250121,3500,54013,FORD,FIESTA FWD,2012,,3.3,Y
20250128,42250,33825,FORD,350 SRW 4X2 CR,2022,,2.9,Y
20250205,14000,67155,JEEP,COMPASS,2019,,4.3,Y
20250211,11500,95411,DODGE,CHARGER 4X2 V6,2019,,2,Y
20250218,4400,138993,KIA,SORENTO FWD V6,2016,,3.4,Y
20250225,1900,179462,FORD,FOCUS FWD 4C,2016,,4.1,Y
20250304,4500,150912,NISSAN,ARMADA,2015,,1.9,Y
20250307,17500,105787,TOYOTA,AVALON,2019,,3.6,Y
20250313,5700,78438,MERCEDES B,C300W4,2016,,0,N
20250320,700,122911,FORD,ESCAPE 4X4 4C,2013,,0,N
20250326,15500,43952,NISSAN,SENTRA,2023,,3.9,Y
20240703,700,138367,CADILLAC,CTS 4X2,2009,,0,N
20240711,10100,138760,HONDA,ACCORD,2018,,2.4,Y
20240718,500,201451,LINCOLN,MKS AWD V6,2013,,0,N
20240725,38500,55360,MERCEDES,S450V4,2020,,4.1,Y
20240801,12750,64710,CHEVROLET,MALIBU,2018,,3.7,Y
20240808,1300,164742,NISSAN,ALTIMA 4C,2013,,1.3,Y
20240815,7000,162534,HONDA,PILOT,2015,,2,Y
20240821,13500,70370,NISSAN,VERSA,2021,,4.3,Y
20240828,6600,98563,VOLKSWAGEN,PASSAT 4C,2018,,0,Y
20250321,8750,85971,AUDI,A6 SPORT,2018,,2.5,N
20250129,900,177307,CHEVROLET,MALIBU,2019,,1,N
20241121,2050,100060,HYUNDAI,SONATA SE,2019,,1.4,N
20240920,4000,198146,SUBARU,CROSSTREK,2016,,1.6,N
20250520,1600,152880,SUBARU,OUTBACK,2006,,2,Y
20250515,4900,157533,NISSAN,ALTIMA FWD 4C,2020,,2.3,Y
20250502,800,186490,KIA,FORTE,2017,,0,N
20250513,600,333333,FORD,FOCUS FWD 4C,2016,,0,N
20250527,2200,176516,FORD,FUSION FWD 4C,2015,,2.5,Y
